Track ID,Frame Number,Timestamp (s),Center X (px),Center Y (px)
1,1,0.04,433.4,357.1
2,1,0.04,572.1,20.9
1,2,0.08,433.3,357.0
1,3,0.12,433.3,357.0
1,4,0.16,433.3,356.8
5,4,0.16,464.3,34.9
1,5,0.2,433.3,356.7
5,5,0.2,464.3,35.0
1,6,0.24,433.3,356.5
5,6,0.24,464.4,35.3
8,6,0.24,737.9,201.2
1,7,0.28,432.8,356.3
5,7,0.28,464.0,35.5
8,7,0.28,737.4,201.4
10,7,0.28,463.8,51.0
1,8,0.32,432.6,356.2
5,8,0.32,463.9,35.9
8,8,0.32,737.1,201.5
10,8,0.32,463.7,50.6
11,8,0.32,572.7,49.9
1,9,0.36,432.5,356.3
5,9,0.36,464.0,36.0
8,9,0.36,736.7,201.6
10,9,0.36,464.0,49.7
11,9,0.36,572.9,49.9
1,10,0.4,432.7,356.3
5,10,0.4,464.1,35.4
8,10,0.4,736.5,201.8
10,10,0.4,464.1,49.5
11,10,0.4,573.2,49.4
1,11,0.44,432.8,356.3
5,11,0.44,464.1,35.2
8,11,0.44,736.4,202.0
10,11,0.44,464.0,49.5
11,11,0.44,573.2,50.3
1,12,0.48,432.9,356.3
5,12,0.48,464.0,35.7
8,12,0.48,736.1,202.2
10,12,0.48,463.7,49.5
11,12,0.48,573.1,50.0
1,13,0.52,433.0,356.4
5,13,0.52,463.8,35.7
8,13,0.52,736.1,202.1
10,13,0.52,463.5,49.7
11,13,0.52,573.0,50.1
5,14,0.56,463.7,35.7
8,14,0.56,736.1,202.0
10,14,0.56,463.2,49.8
11,14,0.56,572.9,50.2
5,15,0.6,463.7,35.7
8,15,0.6,735.8,202.7
10,15,0.6,463.3,49.8
11,15,0.6,572.7,50.8
15,15,0.6,188.8,117.7
16,15,0.6,243.8,104.2
5,16,0.64,463.7,35.7
8,16,0.64,735.6,203.5
10,16,0.64,463.2,49.7
11,16,0.64,572.5,51.7
15,16,0.64,188.8,117.6
16,16,0.64,246.1,106.3
5,17,0.68,463.8,35.8
8,17,0.68,736.1,203.4
10,17,0.68,463.2,49.6
11,17,0.68,572.9,51.3
15,17,0.68,189.1,117.2
16,17,0.68,246.7,107.1
17,17,0.68,265.2,190.7
5,18,0.72,463.8,35.6
8,18,0.72,736.1,202.8
10,18,0.72,463.0,49.8
11,18,0.72,573.3,51.6
16,18,0.72,247.9,106.5
17,18,0.72,261.1,192.8
5,19,0.76,463.8,36.1
8,19,0.76,735.7,200.8
10,19,0.76,462.9,49.8
11,19,0.76,573.1,52.5
16,19,0.76,248.9,102.4
5,20,0.8,463.6,35.8
8,20,0.8,735.6,193.1
10,20,0.8,462.8,49.9
11,20,0.8,572.9,53.6
16,20,0.8,251.9,100.6
5,21,0.84,463.3,35.5
8,21,0.84,735.8,188.6
10,21,0.84,462.6,50.1
11,21,0.84,572.2,54.3
16,21,0.84,235.7,100.8
17,21,0.84,262.8,191.7
5,22,0.88,463.4,35.3
8,22,0.88,736.0,187.7
10,22,0.88,462.6,50.4
11,22,0.88,572.1,54.1
16,22,0.88,230.6,101.1
17,22,0.88,263.9,192.3
5,23,0.92,463.5,35.3
8,23,0.92,736.1,187.3
10,23,0.92,462.9,50.4
11,23,0.92,572.2,54.7
16,23,0.92,226.8,101.5
17,23,0.92,264.8,192.2
5,24,0.96,463.3,35.1
8,24,0.96,735.6,187.5
10,24,0.96,462.2,50.6
11,24,0.96,572.5,55.7
16,24,0.96,219.7,100.9
17,24,0.96,266.2,192.5
5,25,1.0,463.4,35.0
8,25,1.0,735.0,182.7
10,25,1.0,462.4,50.6
11,25,1.0,572.1,58.4
17,25,1.0,267.0,191.9
5,26,1.04,463.3,35.1
8,26,1.04,735.4,180.5
10,26,1.04,462.1,50.4
11,26,1.04,572.5,57.4
17,26,1.04,267.2,190.9
5,27,1.08,463.3,35.1
8,27,1.08,735.1,175.9
10,27,1.08,461.8,50.3
11,27,1.08,572.2,57.7
17,27,1.08,268.7,189.2
5,28,1.12,463.3,35.2
8,28,1.12,734.2,173.0
10,28,1.12,461.8,50.2
11,28,1.12,572.1,57.8
17,28,1.12,270.3,187.8
5,29,1.16,463.3,35.1
8,29,1.16,734.5,171.2
10,29,1.16,462.0,50.3
11,29,1.16,572.2,58.4
17,29,1.16,270.1,186.2
5,30,1.2,463.3,35.1
8,30,1.2,734.2,170.0
10,30,1.2,461.7,50.3
11,30,1.2,572.4,57.3
17,30,1.2,270.3,185.7
5,31,1.24,463.3,35.0
8,31,1.24,729.5,168.4
10,31,1.24,461.6,50.2
11,31,1.24,571.7,58.0
15,31,1.24,178.0,121.2
17,31,1.24,271.3,185.8
26,31,1.24,251.0,100.2
5,32,1.28,463.3,35.0
8,32,1.28,732.8,167.7
10,32,1.28,461.6,50.5
11,32,1.28,571.9,56.1
15,32,1.28,180.6,118.3
17,32,1.28,271.8,186.1
26,32,1.28,252.8,99.1
5,33,1.32,463.5,35.0
8,33,1.32,733.4,167.3
10,33,1.32,461.8,50.9
11,33,1.32,572.2,55.8
17,33,1.32,272.0,186.3
26,33,1.32,245.5,95.8
5,34,1.36,463.7,35.1
8,34,1.36,733.9,166.9
10,34,1.36,462.2,51.0
11,34,1.36,572.2,53.6
26,34,1.36,253.3,98.2
5,35,1.4,463.8,35.0
8,35,1.4,733.9,166.7
10,35,1.4,462.5,51.2
11,35,1.4,572.2,52.9
15,35,1.4,190.4,121.0
17,35,1.4,270.9,184.0
26,35,1.4,256.1,99.2
5,36,1.44,463.7,35.0
8,36,1.44,733.5,166.4
10,36,1.44,462.4,51.2
11,36,1.44,572.1,52.4
15,36,1.44,195.0,125.4
17,36,1.44,270.6,183.1
26,36,1.44,257.4,99.2
5,37,1.48,463.8,35.1
8,37,1.48,724.4,167.0
10,37,1.48,462.8,51.3
11,37,1.48,572.6,53.2
15,37,1.48,197.6,126.6
17,37,1.48,270.5,182.6
5,38,1.52,463.9,35.2
8,38,1.52,729.3,165.2
10,38,1.52,462.9,50.8
11,38,1.52,572.2,54.7
15,38,1.52,212.8,122.1
5,39,1.56,464.0,35.3
8,39,1.56,731.4,165.1
10,39,1.56,463.1,50.8
11,39,1.56,572.6,54.2
15,39,1.56,224.6,119.7
5,40,1.6,464.0,35.5
8,40,1.6,731.7,164.9
10,40,1.6,463.3,50.7
11,40,1.6,572.5,54.7
15,40,1.6,229.1,140.4
5,41,1.64,463.8,35.2
8,41,1.64,729.9,165.5
10,41,1.64,463.1,50.1
11,41,1.64,572.5,55.6
15,41,1.64,230.5,149.7
5,42,1.68,463.8,35.2
8,42,1.68,728.4,166.2
10,42,1.68,463.0,50.1
11,42,1.68,572.5,55.6
15,42,1.68,226.5,136.6
5,43,1.72,463.3,35.6
8,43,1.72,727.8,166.5
10,43,1.72,462.3,50.1
11,43,1.72,572.4,55.7
15,43,1.72,227.5,129.9
5,44,1.76,463.2,35.8
8,44,1.76,731.4,167.2
10,44,1.76,462.2,50.3
11,44,1.76,572.5,55.6
15,44,1.76,234.5,122.3
5,45,1.8,463.4,35.4
8,45,1.8,727.6,168.2
10,45,1.8,462.3,49.9
11,45,1.8,572.5,55.7
15,45,1.8,246.4,114.7
5,46,1.84,463.9,35.3
8,46,1.84,726.3,168.8
10,46,1.84,463.2,49.6
11,46,1.84,571.7,55.4
15,46,1.84,255.2,110.4
5,47,1.88,464.3,35.2
8,47,1.88,726.0,169.1
10,47,1.88,463.7,49.5
11,47,1.88,571.2,55.5
15,47,1.88,254.1,105.7
17,47,1.88,271.2,192.2
26,47,1.88,273.1,102.3
5,48,1.92,464.4,35.1
8,48,1.92,725.7,169.3
10,48,1.92,464.3,49.6
11,48,1.92,571.1,55.9
15,48,1.92,255.4,109.4
17,48,1.92,270.9,195.0
26,48,1.92,273.9,102.0
5,49,1.96,464.4,35.1
8,49,1.96,725.9,169.4
10,49,1.96,464.4,49.2
11,49,1.96,570.9,56.3
26,49,1.96,278.9,99.4
5,50,2.0,464.4,35.0
8,50,2.0,727.1,169.2
10,50,2.0,463.9,49.1
11,50,2.0,570.7,57.8
26,50,2.0,279.1,99.0
5,51,2.04,464.3,35.0
8,51,2.04,728.7,169.2
10,51,2.04,463.7,49.1
11,51,2.04,570.7,58.1
26,51,2.04,292.5,109.3
5,52,2.08,464.4,35.0
8,52,2.08,728.9,169.2
10,52,2.08,464.6,49.0
11,52,2.08,570.7,58.0
26,52,2.08,297.4,115.4
5,53,2.12,464.4,35.0
8,53,2.12,728.6,169.3
10,53,2.12,465.4,49.2
11,53,2.12,570.7,57.8
15,53,2.12,289.2,106.2
26,53,2.12,294.1,122.1
8,54,2.16,727.8,169.6
10,54,2.16,464.8,49.7
11,54,2.16,570.7,57.8
15,54,2.16,292.1,106.2
26,54,2.16,293.0,124.9
8,55,2.2,730.2,169.9
10,55,2.2,464.7,49.7
11,55,2.2,570.6,57.5
15,55,2.2,292.0,103.9
17,55,2.2,258.4,195.9
36,55,2.2,382.3,106.3
8,56,2.24,731.1,170.2
10,56,2.24,464.9,49.8
11,56,2.24,570.4,57.4
15,56,2.24,290.4,105.2
17,56,2.24,255.8,191.3
26,56,2.24,289.4,131.8
36,56,2.24,382.5,105.9
8,57,2.28,731.2,169.8
10,57,2.28,464.5,49.8
11,57,2.28,570.4,57.2
17,57,2.28,254.4,190.2
26,57,2.28,292.7,139.2
36,57,2.28,383.0,106.6
8,58,2.32,730.6,169.6
10,58,2.32,464.9,49.7
11,58,2.32,570.5,57.1
17,58,2.32,254.1,190.4
36,58,2.32,384.0,106.4
8,59,2.36,730.6,169.6
10,59,2.36,465.3,49.4
11,59,2.36,570.5,57.1
15,59,2.36,264.8,89.1
17,59,2.36,250.8,188.3
36,59,2.36,384.1,106.7
8,60,2.4,729.2,169.7
10,60,2.4,463.5,49.8
11,60,2.4,570.5,56.8
15,60,2.4,260.4,91.9
17,60,2.4,270.8,189.0
36,60,2.4,384.0,104.7
5,61,2.44,464.9,35.4
8,61,2.44,729.9,168.9
10,61,2.44,463.5,50.2
11,61,2.44,570.2,55.4
15,61,2.44,260.6,93.0
17,61,2.44,278.7,188.8
26,61,2.44,290.0,171.3
36,61,2.44,384.8,109.0
5,62,2.48,464.6,35.6
8,62,2.48,728.1,168.8
10,62,2.48,462.4,50.4
11,62,2.48,570.1,55.3
15,62,2.48,261.1,92.3
17,62,2.48,280.1,188.6
26,62,2.48,295.2,175.1
36,62,2.48,384.7,110.7
5,63,2.52,464.5,35.6
8,63,2.52,726.6,168.9
10,63,2.52,462.0,50.5
11,63,2.52,570.2,56.2
15,63,2.52,262.1,91.6
17,63,2.52,284.1,188.7
26,63,2.52,302.5,176.5
36,63,2.52,384.6,111.2
5,64,2.56,464.5,35.4
8,64,2.56,726.3,169.2
10,64,2.56,461.6,50.3
11,64,2.56,569.3,56.8
15,64,2.56,263.9,91.2
17,64,2.56,287.3,188.1
36,64,2.56,385.0,112.4
5,65,2.6,463.5,35.1
8,65,2.6,726.7,168.7
10,65,2.6,459.6,51.0
11,65,2.6,571.4,56.9
15,65,2.6,261.8,90.7
17,65,2.6,289.2,188.3
36,65,2.6,384.3,113.2
5,66,2.64,463.8,35.3
8,66,2.64,726.6,168.5
10,66,2.64,460.9,50.5
11,66,2.64,574.0,57.1
15,66,2.64,261.1,89.8
17,66,2.64,288.7,188.8
36,66,2.64,384.0,113.5
5,67,2.68,463.6,35.7
8,67,2.68,726.1,168.4
10,67,2.68,461.2,50.1
11,67,2.68,575.2,56.9
15,67,2.68,264.4,90.3
17,67,2.68,263.6,193.6
36,67,2.68,382.9,113.4
5,68,2.72,463.4,35.3
8,68,2.72,726.2,168.8
10,68,2.72,461.1,50.2
11,68,2.72,575.6,56.7
15,68,2.72,265.8,89.9
17,68,2.72,255.3,189.9
36,68,2.72,382.6,113.3
5,69,2.76,463.4,35.2
8,69,2.76,726.7,169.4
10,69,2.76,461.1,50.2
11,69,2.76,574.9,56.5
15,69,2.76,265.6,90.3
17,69,2.76,250.8,189.2
36,69,2.76,382.4,113.1
5,70,2.8,463.6,35.1
8,70,2.8,720.2,171.3
10,70,2.8,461.2,50.1
11,70,2.8,573.8,57.3
15,70,2.8,265.8,89.8
17,70,2.8,254.1,190.6
36,70,2.8,382.3,112.8
5,71,2.84,463.8,35.1
8,71,2.84,716.2,172.6
10,71,2.84,461.2,50.1
11,71,2.84,574.1,57.3
15,71,2.84,265.6,88.4
17,71,2.84,253.6,190.0
36,71,2.84,381.9,112.8
5,72,2.88,463.9,35.1
8,72,2.88,715.4,172.9
10,72,2.88,461.0,50.2
11,72,2.88,573.8,57.6
15,72,2.88,264.5,90.4
17,72,2.88,253.6,190.1
36,72,2.88,381.5,113.0
5,73,2.92,463.5,35.0
10,73,2.92,460.6,50.3
11,73,2.92,573.7,57.8
15,73,2.92,260.0,92.5
17,73,2.92,254.1,189.9
36,73,2.92,381.6,113.4
50,73,2.92,267.0,105.7
5,74,2.96,463.9,35.1
10,74,2.96,461.1,49.9
11,74,2.96,573.5,58.0
17,74,2.96,254.1,190.1
36,74,2.96,381.8,113.6
50,74,2.96,264.4,110.2
5,75,3.0,464.0,35.0
10,75,3.0,461.1,49.9
11,75,3.0,573.3,58.3
17,75,3.0,250.1,190.0
36,75,3.0,381.9,113.5
50,75,3.0,260.9,112.5
5,76,3.04,464.1,35.1
10,76,3.04,460.9,50.4
11,76,3.04,573.5,58.5
17,76,3.04,246.5,188.7
36,76,3.04,382.2,113.5
50,76,3.04,259.3,112.4
55,76,3.04,336.0,144.5
56,76,3.04,739.3,190.8
5,77,3.08,464.5,36.1
10,77,3.08,462.9,50.1
11,77,3.08,573.9,58.3
17,77,3.08,251.3,188.5
36,77,3.08,382.4,113.5
50,77,3.08,257.2,104.9
55,77,3.08,336.2,147.4
56,77,3.08,740.8,192.4
58,77,3.08,139.9,14.2
5,78,3.12,464.4,35.4
10,78,3.12,464.0,50.0
11,78,3.12,574.0,58.3
17,78,3.12,254.5,188.2
36,78,3.12,383.6,113.5
50,78,3.12,256.6,104.6
55,78,3.12,335.9,146.9
56,78,3.12,741.0,193.0
58,78,3.12,139.9,14.2
5,79,3.16,464.4,35.1
10,79,3.16,464.5,49.8
11,79,3.16,574.1,58.2
17,79,3.16,249.9,188.5
36,79,3.16,384.4,113.5
50,79,3.16,256.4,104.8
55,79,3.16,335.4,147.4
56,79,3.16,740.6,192.9
58,79,3.16,139.9,14.2
5,80,3.2,464.3,35.0
10,80,3.2,464.3,49.7
11,80,3.2,574.0,58.3
17,80,3.2,248.8,188.3
36,80,3.2,384.8,112.9
50,80,3.2,255.4,100.4
55,80,3.2,336.1,149.7
56,80,3.2,740.2,193.5
58,80,3.2,139.9,14.2
5,81,3.24,464.3,35.0
10,81,3.24,464.4,49.7
11,81,3.24,574.2,58.1
17,81,3.24,248.1,189.0
50,81,3.24,257.2,97.5
55,81,3.24,335.4,147.3
56,81,3.24,739.9,193.4
58,81,3.24,139.9,14.2
5,82,3.28,464.6,35.9
10,82,3.28,464.4,49.7
11,82,3.28,574.4,57.6
15,82,3.28,251.9,93.0
17,82,3.28,251.4,189.6
55,82,3.28,335.1,146.2
56,82,3.28,740.0,193.4
58,82,3.28,139.9,14.2
5,83,3.32,464.9,36.2
10,83,3.32,464.2,49.8
11,83,3.32,574.6,57.4
15,83,3.32,252.8,90.9
17,83,3.32,252.7,189.7
55,83,3.32,335.0,145.6
56,83,3.32,740.0,193.8
58,83,3.32,139.9,14.2
5,84,3.36,464.8,35.4
10,84,3.36,464.1,49.8
11,84,3.36,574.6,57.4
15,84,3.36,253.8,90.1
17,84,3.36,252.4,189.5
55,84,3.36,335.9,146.6
56,84,3.36,740.1,193.7
58,84,3.36,139.9,14.2
5,85,3.4,464.7,35.8
10,85,3.4,463.6,50.0
11,85,3.4,574.5,57.3
17,85,3.4,252.4,188.8
55,85,3.4,338.0,149.7
56,85,3.4,740.6,192.8
58,85,3.4,139.9,14.2
5,86,3.44,464.4,36.6
10,86,3.44,462.9,50.0
11,86,3.44,574.5,57.3
15,86,3.44,256.0,92.0
17,86,3.44,252.5,188.9
55,86,3.44,337.0,147.9
56,86,3.44,740.5,192.8
58,86,3.44,139.9,14.2
5,87,3.48,464.3,36.1
10,87,3.48,462.6,50.0
11,87,3.48,574.4,57.4
15,87,3.48,254.8,92.6
17,87,3.48,252.2,189.4
55,87,3.48,336.4,146.6
56,87,3.48,740.6,193.2
58,87,3.48,140.0,14.2
5,88,3.52,464.9,36.1
10,88,3.52,463.9,52.2
11,88,3.52,574.1,57.4
15,88,3.52,254.1,93.7
17,88,3.52,253.8,188.6
55,88,3.52,336.0,146.0
56,88,3.52,740.5,193.2
58,88,3.52,139.8,14.2
5,89,3.56,464.7,36.1
10,89,3.56,464.0,51.2
11,89,3.56,574.2,57.5
15,89,3.56,256.0,100.8
17,89,3.56,253.7,190.6
55,89,3.56,335.6,146.0
56,89,3.56,740.5,193.4
58,89,3.56,139.9,14.2
5,90,3.6,464.7,36.6
10,90,3.6,462.7,53.7
11,90,3.6,574.3,57.3
15,90,3.6,258.1,108.8
17,90,3.6,253.7,188.8
55,90,3.6,335.9,146.1
56,90,3.6,740.3,193.4
58,90,3.6,139.9,14.2
5,91,3.64,464.5,36.4
10,91,3.64,464.2,53.2
11,91,3.64,574.3,56.9
15,91,3.64,260.2,107.8
17,91,3.64,256.5,189.6
55,91,3.64,335.5,147.3
56,91,3.64,740.2,193.6
58,91,3.64,139.9,14.2
5,92,3.68,464.6,36.3
10,92,3.68,464.1,51.3
11,92,3.68,574.5,56.6
15,92,3.68,261.3,108.8
17,92,3.68,257.1,188.7
55,92,3.68,335.4,147.3
56,92,3.68,740.2,193.8
58,92,3.68,139.9,14.2
64,92,3.68,167.2,125.0
5,93,3.72,465.3,36.5
10,93,3.72,465.0,50.4
11,93,3.72,574.4,56.6
15,93,3.72,261.9,108.5
17,93,3.72,258.6,186.0
55,93,3.72,335.2,147.2
56,93,3.72,740.2,193.7
58,93,3.72,139.8,14.2
64,93,3.72,169.1,123.4
5,94,3.76,464.9,35.3
10,94,3.76,465.0,50.1
11,94,3.76,574.3,56.8
15,94,3.76,261.8,108.7
17,94,3.76,260.1,190.0
55,94,3.76,335.2,147.7
56,94,3.76,740.3,193.6
58,94,3.76,139.8,14.2
64,94,3.76,164.7,122.1
5,95,3.8,464.9,34.9
10,95,3.8,465.7,50.0
11,95,3.8,574.3,57.1
15,95,3.8,261.3,97.2
17,95,3.8,261.7,193.0
55,95,3.8,335.4,147.7
56,95,3.8,740.2,193.1
58,95,3.8,139.8,14.2
64,95,3.8,169.1,121.7
5,96,3.84,464.6,34.7
10,96,3.84,465.1,49.9
11,96,3.84,574.3,57.0
15,96,3.84,259.9,102.8
17,96,3.84,262.4,194.4
55,96,3.84,335.5,148.0
56,96,3.84,740.1,193.8
58,96,3.84,139.8,14.2
64,96,3.84,163.3,120.8
5,97,3.88,464.6,34.7
10,97,3.88,465.5,49.7
11,97,3.88,574.4,57.5
15,97,3.88,264.4,106.0
17,97,3.88,256.9,193.9
55,97,3.88,335.9,148.1
56,97,3.88,740.2,194.6
58,97,3.88,139.8,14.2
64,97,3.88,161.0,115.1
5,98,3.92,464.8,35.7
10,98,3.92,465.2,50.2
11,98,3.92,574.5,57.7
15,98,3.92,265.8,108.7
17,98,3.92,256.3,193.5
55,98,3.92,335.5,147.3
56,98,3.92,740.2,195.1
58,98,3.92,139.8,14.1
64,98,3.92,159.6,114.0
5,99,3.96,464.7,35.1
10,99,3.96,465.3,50.0
11,99,3.96,574.4,57.9
15,99,3.96,266.1,108.6
17,99,3.96,260.0,193.8
55,99,3.96,334.8,148.7
56,99,3.96,740.3,195.2
58,99,3.96,139.8,14.1
64,99,3.96,157.9,115.2
5,100,4.0,464.8,34.9
10,100,4.0,465.1,49.9
11,100,4.0,574.3,57.9
15,100,4.0,263.6,100.8
17,100,4.0,245.2,178.4
55,100,4.0,333.1,152.1
56,100,4.0,740.4,195.6
64,100,4.0,158.5,116.4
5,101,4.04,464.8,34.8
10,101,4.04,465.0,50.0
11,101,4.04,574.1,58.1
15,101,4.04,263.8,102.6
17,101,4.04,241.1,173.2
55,101,4.04,332.6,154.5
56,101,4.04,740.3,196.0
64,101,4.04,157.3,119.6
68,101,4.04,215.0,506.3
5,102,4.08,465.1,34.8
10,102,4.08,465.2,50.6
11,102,4.08,574.0,58.4
15,102,4.08,261.5,98.9
17,102,4.08,239.7,168.6
56,102,4.08,740.3,196.3
58,102,4.08,139.8,14.1
64,102,4.08,162.0,122.5
68,102,4.08,193.8,525.4
5,103,4.12,465.4,34.8
10,103,4.12,466.9,49.7
11,103,4.12,573.7,58.5
15,103,4.12,260.9,97.1
17,103,4.12,242.3,167.0
56,103,4.12,740.2,197.2
58,103,4.12,139.8,14.1
64,103,4.12,163.4,122.4
68,103,4.12,187.1,531.6
5,104,4.16,465.3,34.8
10,104,4.16,466.0,50.3
11,104,4.16,573.6,58.5
15,104,4.16,260.8,96.5
17,104,4.16,239.5,166.7
55,104,4.16,326.8,160.6
56,104,4.16,740.1,198.0
58,104,4.16,139.8,14.1
64,104,4.16,164.8,123.9
68,104,4.16,185.4,533.4
5,105,4.2,465.2,35.5
10,105,4.2,465.3,50.4
11,105,4.2,573.6,58.4
15,105,4.2,260.4,96.3
17,105,4.2,238.2,166.5
55,105,4.2,326.4,161.4
56,105,4.2,740.0,198.3
58,105,4.2,139.8,14.1
64,105,4.2,165.1,124.4
68,105,4.2,185.8,533.3
5,106,4.24,465.1,36.1
10,106,4.24,465.0,49.9
11,106,4.24,573.8,57.0
15,106,4.24,260.5,97.1
17,106,4.24,236.8,166.2
55,106,4.24,326.1,162.2
56,106,4.24,739.9,198.0
58,106,4.24,139.8,14.1
64,106,4.24,165.2,124.7
68,106,4.24,185.2,532.6
5,107,4.28,464.6,35.4
10,107,4.28,463.5,50.3
11,107,4.28,573.7,56.7
15,107,4.28,260.0,96.4
17,107,4.28,230.5,159.6
55,107,4.28,325.7,162.4
56,107,4.28,739.9,197.6
58,107,4.28,139.8,14.1
64,107,4.28,164.1,124.3
68,107,4.28,185.4,531.8
5,108,4.32,464.5,35.0
10,108,4.32,461.5,50.1
11,108,4.32,573.6,56.9
15,108,4.32,259.8,95.4
17,108,4.32,230.9,162.1
55,108,4.32,325.6,162.2
56,108,4.32,739.9,197.4
58,108,4.32,139.8,14.1
64,108,4.32,154.5,121.2
5,109,4.36,464.6,34.9
10,109,4.36,460.8,49.9
11,109,4.36,574.0,56.7
15,109,4.36,260.1,95.2
17,109,4.36,232.2,159.7
55,109,4.36,325.4,162.4
56,109,4.36,739.9,197.1
58,109,4.36,139.8,14.1
5,110,4.4,464.6,34.8
10,110,4.4,459.2,50.1
11,110,4.4,574.2,56.6
15,110,4.4,259.9,95.0
17,110,4.4,232.5,158.7
55,110,4.4,325.0,162.6
56,110,4.4,739.9,197.1
58,110,4.4,139.8,14.2
70,110,4.4,206.7,134.7
10,111,4.44,457.5,50.7
11,111,4.44,574.4,56.4
15,111,4.44,259.8,95.3
17,111,4.44,247.9,174.8
56,111,4.44,739.8,197.3
58,111,4.44,139.8,14.2
70,111,4.44,204.6,130.7
10,112,4.48,457.1,50.7
11,112,4.48,574.4,56.6
15,112,4.48,260.4,95.3
56,112,4.48,739.8,197.6
58,112,4.48,139.8,14.1
64,112,4.48,158.3,124.8
70,112,4.48,198.3,124.3
10,113,4.52,457.1,50.3
11,113,4.52,574.3,56.1
15,113,4.52,261.1,95.5
17,113,4.52,258.9,186.5
55,113,4.52,324.6,162.9
56,113,4.52,739.8,197.8
58,113,4.52,139.9,14.1
64,113,4.52,160.8,124.5
70,113,4.52,196.5,121.7
10,114,4.56,459.9,50.1
11,114,4.56,574.3,55.9
15,114,4.56,261.2,95.4
17,114,4.56,261.8,190.7
55,114,4.56,325.0,162.5
56,114,4.56,740.1,198.4
58,114,4.56,139.8,14.1
64,114,4.56,161.2,124.6
70,114,4.56,196.6,120.6
10,115,4.6,458.6,50.2
11,115,4.6,574.2,55.7
15,115,4.6,261.8,95.8
17,115,4.6,263.9,191.2
55,115,4.6,325.4,162.4
56,115,4.6,740.6,193.2
58,115,4.6,139.8,14.1
64,115,4.6,160.1,124.4
70,115,4.6,196.4,120.9
10,116,4.64,458.4,50.2
11,116,4.64,574.2,55.4
15,116,4.64,261.9,95.9
17,116,4.64,264.4,192.6
55,116,4.64,325.4,162.5
56,116,4.64,740.8,196.1
58,116,4.64,139.8,14.1
64,116,4.64,160.8,124.5
70,116,4.64,195.1,121.8
10,117,4.68,457.9,50.3
11,117,4.68,574.1,55.5
15,117,4.68,261.4,95.7
17,117,4.68,263.9,194.9
55,117,4.68,325.5,162.5
56,117,4.68,741.0,197.6
58,117,4.68,139.8,14.1
70,117,4.68,197.7,124.0
10,118,4.72,457.0,50.5
11,118,4.72,574.2,56.1
15,118,4.72,260.5,96.2
17,118,4.72,263.3,196.1
55,118,4.72,325.7,162.4
56,118,4.72,741.0,197.4
58,118,4.72,139.7,14.1
10,119,4.76,457.1,50.5
11,119,4.76,574.3,56.5
15,119,4.76,257.6,98.2
17,119,4.76,262.5,197.5
55,119,4.76,325.4,162.2
56,119,4.76,741.0,197.7
58,119,4.76,139.7,14.1
68,119,4.76,183.7,559.0
10,120,4.8,457.1,50.5
11,120,4.8,574.4,56.7
15,120,4.8,257.6,98.8
17,120,4.8,262.5,198.1
55,120,4.8,325.3,161.9
56,120,4.8,740.9,198.4
58,120,4.8,139.7,14.1
64,120,4.8,167.6,127.8
68,120,4.8,183.5,559.1
10,121,4.84,458.5,51.4
11,121,4.84,574.5,56.9
15,121,4.84,260.3,98.3
17,121,4.84,262.9,198.1
55,121,4.84,325.5,162.2
56,121,4.84,740.8,198.1
64,121,4.84,167.0,135.6
68,121,4.84,183.6,559.9
10,122,4.88,461.1,50.8
11,122,4.88,574.6,57.0
15,122,4.88,261.2,96.9
17,122,4.88,263.0,198.2
55,122,4.88,325.6,162.3
56,122,4.88,740.7,197.9
68,122,4.88,183.9,559.7
73,122,4.88,245.9,272.7
10,123,4.92,462.0,50.6
11,123,4.92,574.6,56.9
15,123,4.92,261.6,96.4
17,123,4.92,262.7,198.0
55,123,4.92,325.6,162.2
56,123,4.92,740.7,198.3
68,123,4.92,184.1,559.7
73,123,4.92,245.9,272.7
10,124,4.96,464.7,50.7
11,124,4.96,574.6,56.9
15,124,4.96,262.6,95.9
17,124,4.96,263.4,194.8
55,124,4.96,325.5,162.0
56,124,4.96,740.7,198.9
68,124,4.96,184.2,559.6
73,124,4.96,246.1,272.5
10,125,5.0,463.8,50.9
11,125,5.0,574.7,57.0
15,125,5.0,263.0,95.9
17,125,5.0,263.6,191.8
55,125,5.0,325.6,161.7
56,125,5.0,740.7,199.1
68,125,5.0,183.9,560.0
73,125,5.0,246.2,271.4
10,126,5.04,463.4,51.1
11,126,5.04,575.7,56.0
15,126,5.04,262.1,95.8
17,126,5.04,267.8,182.6
55,126,5.04,327.0,160.3
56,126,5.04,740.7,199.6
68,126,5.04,183.9,561.5
73,126,5.04,246.4,271.4
10,127,5.08,465.7,51.2
11,127,5.08,576.0,55.2
15,127,5.08,261.6,95.8
17,127,5.08,264.5,182.5
56,127,5.08,740.7,200.0
68,127,5.08,183.6,562.6
73,127,5.08,246.5,271.4
10,128,5.12,466.3,50.8
11,128,5.12,576.2,55.6
15,128,5.12,261.1,95.1
17,128,5.12,262.1,182.5
56,128,5.12,740.6,201.1
73,128,5.12,246.1,271.5
75,128,5.12,388.6,47.8
10,129,5.16,466.8,51.1
11,129,5.16,576.5,55.6
15,129,5.16,261.2,95.1
17,129,5.16,261.3,182.4
56,129,5.16,740.6,201.7
73,129,5.16,246.1,271.5
75,129,5.16,390.9,47.1
10,130,5.2,466.9,51.7
11,130,5.2,576.6,55.4
15,130,5.2,261.1,94.8
17,130,5.2,260.7,182.3
55,130,5.2,330.6,155.6
56,130,5.2,740.6,202.0
75,130,5.2,391.0,47.8
10,131,5.24,467.2,50.7
11,131,5.24,576.9,55.1
15,131,5.24,260.9,94.6
17,131,5.24,260.7,182.2
56,131,5.24,740.6,202.2
10,132,5.28,467.3,50.8
11,132,5.28,576.7,54.7
15,132,5.28,260.8,94.9
17,132,5.28,260.8,182.2
56,132,5.28,740.7,201.3
10,133,5.32,464.2,53.1
11,133,5.32,576.5,55.1
15,133,5.32,260.8,95.4
17,133,5.32,260.4,182.5
55,133,5.32,332.1,154.9
56,133,5.32,740.8,201.0
10,134,5.36,465.0,52.0
11,134,5.36,576.5,55.5
15,134,5.36,260.9,95.3
17,134,5.36,259.8,182.4
56,134,5.36,740.7,201.2
10,135,5.4,466.5,51.3
11,135,5.4,576.4,55.5
15,135,5.4,260.8,95.2
17,135,5.4,259.7,182.5
56,135,5.4,740.7,200.0
10,136,5.44,465.0,51.9
11,136,5.44,576.3,55.6
15,136,5.44,260.8,95.5
17,136,5.44,259.6,182.4
56,136,5.44,740.7,199.2
10,137,5.48,465.0,51.7
11,137,5.48,576.4,55.5
15,137,5.48,260.9,95.8
17,137,5.48,259.7,182.4
56,137,5.48,740.7,198.8
10,138,5.52,465.4,51.7
11,138,5.52,576.4,55.5
15,138,5.52,260.8,95.6
17,138,5.52,259.7,182.3
56,138,5.52,740.7,198.4
76,138,5.52,166.9,123.3
10,139,5.56,465.9,50.4
11,139,5.56,576.4,55.3
15,139,5.56,260.9,95.9
17,139,5.56,259.7,182.6
56,139,5.56,740.6,201.5
76,139,5.56,166.9,123.5
10,140,5.6,466.8,50.1
11,140,5.6,576.4,55.4
15,140,5.6,261.2,96.0
17,140,5.6,260.0,182.3
55,140,5.6,334.0,157.0
56,140,5.6,740.2,195.2
76,140,5.6,166.3,122.8
10,141,5.64,467.7,50.0
11,141,5.64,576.5,55.2
15,141,5.64,260.8,95.1
17,141,5.64,260.4,182.3
55,141,5.64,332.4,156.0
56,141,5.64,740.0,192.4
76,141,5.64,165.8,122.2
10,142,5.68,467.6,50.0
11,142,5.68,576.6,54.8
15,142,5.68,260.8,94.8
17,142,5.68,260.7,182.2
55,142,5.68,332.8,156.1
56,142,5.68,740.1,195.0
76,142,5.68,165.4,122.0
10,143,5.72,467.9,50.0
11,143,5.72,576.6,54.5
15,143,5.72,260.6,94.8
17,143,5.72,260.7,182.2
55,143,5.72,333.2,156.3
56,143,5.72,740.2,194.4
76,143,5.72,166.8,122.2
10,144,5.76,467.7,49.4
11,144,5.76,576.3,54.3
15,144,5.76,260.5,93.1
17,144,5.76,260.4,182.1
55,144,5.76,331.9,155.3
56,144,5.76,740.3,192.5
68,144,5.76,183.2,560.4
76,144,5.76,166.3,122.4
10,145,5.8,467.7,48.8
11,145,5.8,576.2,54.3
15,145,5.8,260.3,91.6
17,145,5.8,260.3,182.1
55,145,5.8,331.2,155.4
56,145,5.8,740.6,199.6
68,145,5.8,182.6,560.0
76,145,5.8,166.0,122.5
78,145,5.8,332.0,63.3
10,146,5.84,467.6,49.0
11,146,5.84,576.0,54.1
15,146,5.84,260.8,93.5
17,146,5.84,260.3,182.1
55,146,5.84,331.4,155.0
56,146,5.84,740.3,202.0
68,146,5.84,183.3,559.2
76,146,5.84,166.3,122.7
78,146,5.84,329.5,61.4
10,147,5.88,466.5,49.5
11,147,5.88,575.9,54.6
15,147,5.88,260.5,94.1
17,147,5.88,260.2,182.1
55,147,5.88,331.9,154.6
56,147,5.88,740.3,203.4
68,147,5.88,183.8,559.4
76,147,5.88,168.2,123.2
78,147,5.88,316.9,72.7
10,148,5.92,466.7,49.8
11,148,5.92,575.9,54.9
15,148,5.92,259.9,95.3
17,148,5.92,260.2,182.2
55,148,5.92,331.3,154.6
56,148,5.92,740.5,204.0
68,148,5.92,184.2,558.9
76,148,5.92,167.9,123.3
78,148,5.92,301.4,69.6
10,149,5.96,467.5,50.4
11,149,5.96,575.9,54.7
17,149,5.96,260.5,182.2
55,149,5.96,331.1,154.3
56,149,5.96,740.7,203.9
68,149,5.96,184.5,558.2
76,149,5.96,168.0,123.5
78,149,5.96,297.4,101.2
10,150,6.0,467.8,50.9
11,150,6.0,575.4,55.0
17,150,6.0,260.8,182.3
55,150,6.0,330.6,153.7
56,150,6.0,740.7,203.9
68,150,6.0,184.9,557.9
76,150,6.0,168.2,123.5
78,150,6.0,291.7,114.4
10,151,6.04,468.2,50.6
11,151,6.04,574.5,54.7
15,151,6.04,255.0,100.3
17,151,6.04,260.5,182.4
55,151,6.04,331.9,136.6
56,151,6.04,741.3,203.8
68,151,6.04,185.2,558.1
76,151,6.04,184.2,125.7
10,152,6.08,468.1,50.4
11,152,6.08,573.5,54.6
15,152,6.08,247.8,98.9
17,152,6.08,260.7,182.3
55,152,6.08,332.2,130.2
56,152,6.08,741.5,204.0
68,152,6.08,185.0,557.8
76,152,6.08,175.5,124.7
10,153,6.12,467.9,50.7
11,153,6.12,572.9,54.7
15,153,6.12,239.4,102.2
17,153,6.12,260.7,182.3
55,153,6.12,331.5,127.2
56,153,6.12,741.6,204.1
68,153,6.12,185.2,557.5
76,153,6.12,171.7,124.2
10,154,6.16,467.9,52.3
11,154,6.16,572.6,54.9
15,154,6.16,253.8,98.3
17,154,6.16,260.6,182.2
55,154,6.16,333.6,125.7
56,154,6.16,741.7,203.7
68,154,6.16,185.4,557.3
76,154,6.16,171.6,124.4
10,155,6.2,467.7,51.7
11,155,6.2,572.6,55.1
15,155,6.2,259.1,97.3
17,155,6.2,260.8,182.1
55,155,6.2,335.7,125.7
56,155,6.2,741.6,203.1
68,155,6.2,185.4,557.5
10,156,6.24,467.3,52.1
11,156,6.24,572.6,55.3
15,156,6.24,261.3,97.1
17,156,6.24,267.3,182.1
55,156,6.24,336.5,126.3
56,156,6.24,741.5,203.5
68,156,6.24,185.4,557.4
10,157,6.28,467.3,51.7
11,157,6.28,572.5,55.5
15,157,6.28,260.9,96.7
17,157,6.28,261.4,182.1
55,157,6.28,336.1,126.5
56,157,6.28,741.3,203.5
68,157,6.28,185.3,557.7
10,158,6.32,467.3,51.4
11,158,6.32,572.5,55.6
15,158,6.32,260.6,96.9
17,158,6.32,266.8,182.1
55,158,6.32,333.6,143.4
56,158,6.32,741.0,203.7
68,158,6.32,185.4,557.9
10,159,6.36,467.3,51.3
11,159,6.36,572.4,55.9
15,159,6.36,260.4,97.1
17,159,6.36,261.4,182.1
55,159,6.36,332.5,150.6
56,159,6.36,740.8,204.5
68,159,6.36,185.6,558.3
10,160,6.4,467.3,51.1
11,160,6.4,572.4,55.8
15,160,6.4,260.8,96.6
17,160,6.4,259.6,182.2
55,160,6.4,331.6,152.4
56,160,6.4,740.6,204.0
68,160,6.4,185.7,558.5
73,160,6.4,246.3,272.2
10,161,6.44,467.1,51.3
11,161,6.44,572.5,55.6
15,161,6.44,260.6,95.8
17,161,6.44,258.7,182.3
55,161,6.44,331.1,152.9
56,161,6.44,740.2,203.5
68,161,6.44,185.6,558.7
73,161,6.44,246.2,272.2
10,162,6.48,467.5,51.8
11,162,6.48,572.5,55.6
15,162,6.48,260.3,95.3
17,162,6.48,257.8,182.5
55,162,6.48,331.9,153.7
56,162,6.48,740.1,203.3
68,162,6.48,185.3,559.1
73,162,6.48,246.2,272.1
10,163,6.52,467.2,51.7
11,163,6.52,572.5,55.6
15,163,6.52,260.2,95.0
17,163,6.52,259.7,186.4
55,163,6.52,331.2,153.6
56,163,6.52,740.0,203.2
68,163,6.52,185.4,559.3
73,163,6.52,246.0,272.2
83,163,6.52,752.4,506.9
10,164,6.56,467.3,51.5
11,164,6.56,572.5,55.6
15,164,6.56,260.0,94.9
17,164,6.56,260.9,184.6
55,164,6.56,331.0,153.5
56,164,6.56,739.9,203.2
68,164,6.56,185.3,559.9
73,164,6.56,245.0,272.2
83,164,6.56,751.7,507.1
10,165,6.6,467.4,51.5
11,165,6.6,572.5,55.8
15,165,6.6,260.0,95.0
17,165,6.6,261.4,183.5
55,165,6.6,331.2,153.4
56,165,6.6,739.7,203.2
68,165,6.6,184.8,560.1
73,165,6.6,245.0,272.3
83,165,6.6,750.6,506.9
10,166,6.64,467.2,51.5
11,166,6.64,572.5,55.6
15,166,6.64,260.0,95.0
17,166,6.64,261.7,182.8
55,166,6.64,331.2,153.5
56,166,6.64,739.8,203.5
73,166,6.64,245.6,272.4
76,166,6.64,167.6,123.4
83,166,6.64,750.5,506.4
10,167,6.68,467.3,51.4
11,167,6.68,572.6,55.6
15,167,6.68,260.0,94.9
17,167,6.68,261.8,182.5
55,167,6.68,331.3,153.7
56,167,6.68,740.0,203.6
73,167,6.68,245.8,272.3
76,167,6.68,173.7,124.1
83,167,6.68,750.4,506.2
10,168,6.72,466.9,51.5
11,168,6.72,572.6,55.8
15,168,6.72,260.2,94.8
17,168,6.72,261.7,182.3
55,168,6.72,331.2,153.9
56,168,6.72,739.9,203.8
73,168,6.72,245.3,272.3
76,168,6.72,175.8,124.1
83,168,6.72,750.3,506.2
10,169,6.76,466.7,51.5
11,169,6.76,572.7,55.9
15,169,6.76,260.4,94.7
17,169,6.76,262.2,182.4
55,169,6.76,332.3,155.8
56,169,6.76,739.9,203.1
73,169,6.76,244.7,272.2
76,169,6.76,171.5,123.6
83,169,6.76,749.7,506.2
10,170,6.8,466.6,51.4
11,170,6.8,572.7,55.6
15,170,6.8,260.5,95.0
17,170,6.8,261.9,182.4
55,170,6.8,333.1,156.6
56,170,6.8,739.9,202.6
73,170,6.8,244.4,272.2
76,170,6.8,171.2,123.5
83,170,6.8,748.6,506.6
10,171,6.84,466.7,51.5
11,171,6.84,572.7,55.5
15,171,6.84,260.5,94.7
17,171,6.84,260.2,187.6
55,171,6.84,332.3,156.6
56,171,6.84,739.7,197.2
73,171,6.84,243.4,272.1
76,171,6.84,172.7,123.7
83,171,6.84,748.4,506.7
10,172,6.88,466.6,51.5
11,172,6.88,572.7,55.6
15,172,6.88,260.3,95.5
17,172,6.88,260.9,183.6
55,172,6.88,333.5,156.5
56,172,6.88,739.6,195.3
76,172,6.88,173.4,123.7
83,172,6.88,748.3,509.2
10,173,6.92,466.6,51.5
11,173,6.92,572.7,55.5
15,173,6.92,260.1,95.2
17,173,6.92,260.2,179.6
55,173,6.92,333.6,155.9
56,173,6.92,739.3,195.0
76,173,6.92,173.7,124.0
83,173,6.92,748.4,509.7
10,174,6.96,466.4,51.5
11,174,6.96,572.7,55.6
15,174,6.96,260.3,95.2
17,174,6.96,252.2,187.7
55,174,6.96,333.5,155.5
56,174,6.96,739.0,197.2
73,174,6.96,245.1,272.3
76,174,6.96,173.0,123.8
83,174,6.96,748.7,509.0
10,175,7.0,466.5,51.6
11,175,7.0,572.8,55.4
15,175,7.0,261.0,95.5
17,175,7.0,249.2,188.3
55,175,7.0,334.0,155.8
56,175,7.0,738.8,196.9
73,175,7.0,245.7,272.6
76,175,7.0,172.5,123.5
83,175,7.0,749.0,508.8
90,175,7.0,334.4,128.4
10,176,7.04,466.4,51.6
11,176,7.04,572.8,54.8
15,176,7.04,260.4,95.1
17,176,7.04,247.6,184.5
55,176,7.04,332.9,154.1
56,176,7.04,738.5,196.5
73,176,7.04,245.4,272.5
76,176,7.04,172.5,123.3
83,176,7.04,748.9,510.3
90,176,7.04,333.8,123.4
10,177,7.08,466.3,51.6
11,177,7.08,572.6,55.4
15,177,7.08,260.8,95.3
17,177,7.08,253.4,182.4
55,177,7.08,333.0,153.9
56,177,7.08,738.2,196.7
76,177,7.08,173.0,123.6
83,177,7.08,749.1,510.3
90,177,7.08,332.5,103.9
10,178,7.12,466.3,52.0
11,178,7.12,572.5,55.3
15,178,7.12,260.9,95.2
17,178,7.12,255.9,181.5
55,178,7.12,332.9,153.8
56,178,7.12,738.0,198.0
76,178,7.12,173.1,123.6
83,178,7.12,749.8,508.2
90,178,7.12,334.4,114.9
10,179,7.16,466.3,51.9
11,179,7.16,572.5,55.2
15,179,7.16,260.4,95.0
17,179,7.16,255.5,188.3
55,179,7.16,332.8,154.0
56,179,7.16,738.0,198.3
76,179,7.16,172.9,123.6
83,179,7.16,750.3,508.9
90,179,7.16,335.1,115.7
10,180,7.2,466.4,51.9
11,180,7.2,572.4,55.5
15,180,7.2,260.3,94.7
17,180,7.2,252.0,190.4
55,180,7.2,333.0,153.9
56,180,7.2,737.7,199.6
76,180,7.2,172.3,123.5
83,180,7.2,750.4,507.8
90,180,7.2,335.5,118.4
10,181,7.24,466.5,50.3
11,181,7.24,571.8,56.6
15,181,7.24,260.8,94.8
17,181,7.24,250.6,189.4
55,181,7.24,333.3,153.7
56,181,7.24,737.6,200.3
76,181,7.24,171.1,123.8
83,181,7.24,745.0,507.2
90,181,7.24,335.3,124.7
10,182,7.28,466.0,50.7
11,182,7.28,571.2,56.2
15,182,7.28,261.0,94.6
17,182,7.28,251.7,187.4
55,182,7.28,333.6,153.8
56,182,7.28,737.6,199.8
76,182,7.28,170.7,123.9
83,182,7.28,743.2,507.8
90,182,7.28,335.8,127.5
10,183,7.32,466.5,50.4
11,183,7.32,571.2,55.8
15,183,7.32,261.0,94.6
17,183,7.32,253.3,184.3
55,183,7.32,333.6,153.7
56,183,7.32,737.6,200.2
76,183,7.32,170.4,124.0
83,183,7.32,741.9,507.3
90,183,7.32,335.7,128.3
10,184,7.36,465.8,52.0
11,184,7.36,571.2,54.6
15,184,7.36,261.1,94.7
17,184,7.36,255.6,185.5
55,184,7.36,333.4,153.9
56,184,7.36,737.5,201.5
76,184,7.36,170.1,124.0
83,184,7.36,741.9,507.3
90,184,7.36,335.5,128.6
92,184,7.36,464.8,36.1
10,185,7.4,464.9,54.3
11,185,7.4,571.0,54.2
15,185,7.4,261.2,94.7
17,185,7.4,256.2,186.7
55,185,7.4,333.5,153.8
56,185,7.4,737.6,202.1
76,185,7.4,170.0,124.0
83,185,7.4,747.1,508.4
90,185,7.4,336.1,128.7
92,185,7.4,464.1,35.9
10,186,7.44,464.7,54.0
11,186,7.44,570.5,54.7
15,186,7.44,261.1,94.7
17,186,7.44,256.2,187.9
55,186,7.44,332.4,153.3
76,186,7.44,170.0,124.0
83,186,7.44,748.7,509.6
90,186,7.44,336.0,128.9
92,186,7.44,464.0,35.8
10,187,7.48,464.5,53.8
11,187,7.48,570.2,55.2
15,187,7.48,260.8,94.3
17,187,7.48,256.0,189.3
55,187,7.48,332.0,153.0
76,187,7.48,170.2,123.9
83,187,7.48,749.6,508.0
90,187,7.48,336.0,129.1
92,187,7.48,463.9,35.7
10,188,7.52,464.5,53.9
11,188,7.52,570.1,55.4
15,188,7.52,260.7,94.2
17,188,7.52,257.2,188.5
55,188,7.52,331.8,153.1
76,188,7.52,171.4,123.8
83,188,7.52,745.2,507.3
90,188,7.52,335.8,129.1
92,188,7.52,463.9,36.1
10,189,7.56,464.7,54.3
11,189,7.56,570.4,55.7
15,189,7.56,260.6,94.1
17,189,7.56,258.0,183.6
55,189,7.56,332.6,153.4
76,189,7.56,171.3,123.7
83,189,7.56,746.9,507.0
90,189,7.56,335.6,129.0
92,189,7.56,464.1,36.5
10,190,7.6,464.7,52.4
11,190,7.6,570.6,56.0
15,190,7.6,260.8,94.4
17,190,7.6,258.3,182.7
55,190,7.6,333.0,153.4
76,190,7.6,170.3,123.4
83,190,7.6,748.3,506.7
90,190,7.6,336.5,129.2
92,190,7.6,464.1,36.1
10,191,7.64,465.6,51.4
11,191,7.64,569.6,55.7
15,191,7.64,260.9,94.6
17,191,7.64,258.2,182.1
55,191,7.64,333.0,153.4
83,191,7.64,748.9,506.4
90,191,7.64,336.0,129.3
92,191,7.64,464.9,36.3
10,192,7.68,465.3,50.6
11,192,7.68,568.2,55.9
15,192,7.68,260.9,94.8
17,192,7.68,258.1,182.9
55,192,7.68,332.9,153.4
83,192,7.68,750.0,509.1
90,192,7.68,335.8,129.6
92,192,7.68,463.8,35.5
10,193,7.72,465.2,50.1
11,193,7.72,567.5,55.9
15,193,7.72,260.8,95.3
17,193,7.72,258.0,183.7
55,193,7.72,332.9,153.5
56,193,7.72,738.0,201.2
83,193,7.72,749.5,512.4
90,193,7.72,335.7,129.5
92,193,7.72,463.7,35.3
10,194,7.76,465.1,49.4
11,194,7.76,564.6,55.8
15,194,7.76,260.3,95.5
17,194,7.76,257.7,183.4
55,194,7.76,333.0,153.6
56,194,7.76,738.1,200.4
83,194,7.76,751.6,518.1
90,194,7.76,336.6,129.3
92,194,7.76,463.7,35.2
10,195,7.8,464.9,49.0
11,195,7.8,563.2,56.1
15,195,7.8,260.2,95.1
17,195,7.8,257.4,182.8
55,195,7.8,332.8,153.5
56,195,7.8,738.1,200.5
83,195,7.8,753.5,517.5
90,195,7.8,336.1,129.3
92,195,7.8,463.7,35.3
10,196,7.84,464.9,48.7
11,196,7.84,562.7,56.7
15,196,7.84,260.1,94.8
17,196,7.84,256.7,185.2
55,196,7.84,332.8,153.3
56,196,7.84,738.2,201.0
83,196,7.84,759.2,517.3
90,196,7.84,335.6,129.4
92,196,7.84,463.5,35.3
10,197,7.88,465.0,48.6
11,197,7.88,562.3,56.7
15,197,7.88,260.2,94.1
17,197,7.88,258.5,171.8
55,197,7.88,332.7,153.3
56,197,7.88,738.2,201.3
83,197,7.88,754.9,520.6
90,197,7.88,336.0,129.1
92,197,7.88,463.5,35.3
10,198,7.92,465.2,48.6
11,198,7.92,562.4,56.1
15,198,7.92,260.1,92.0
55,198,7.92,332.6,153.0
56,198,7.92,738.2,201.6
76,198,7.92,185.9,125.2
83,198,7.92,759.1,518.9
90,198,7.92,336.3,128.8
92,198,7.92,463.8,35.2
10,199,7.96,465.3,48.6
11,199,7.96,562.7,56.3
15,199,7.96,260.1,93.6
56,199,7.96,738.1,201.7
76,199,7.96,186.5,125.6
83,199,7.96,756.7,518.1
90,199,7.96,336.7,128.6
92,199,7.96,464.3,35.3
10,200,8.0,465.5,48.5
11,200,8.0,562.9,56.7
15,200,8.0,260.3,94.2
55,200,8.0,332.9,153.2
56,200,8.0,738.1,201.7
76,200,8.0,186.1,125.3
83,200,8.0,754.9,517.9
90,200,8.0,336.4,128.5
92,200,8.0,464.8,35.3
10,201,8.04,465.5,48.4
11,201,8.04,562.9,56.9
15,201,8.04,260.5,94.2
55,201,8.04,332.4,153.0
56,201,8.04,738.0,201.9
76,201,8.04,187.5,126.5
83,201,8.04,753.6,518.5
90,201,8.04,335.7,128.2
92,201,8.04,464.8,35.3
10,202,8.08,465.6,48.4
11,202,8.08,563.0,56.6
15,202,8.08,261.8,94.2
55,202,8.08,333.4,152.4
56,202,8.08,737.9,200.5
76,202,8.08,191.4,130.1
83,202,8.08,753.4,518.4
92,202,8.08,464.7,35.3
10,203,8.12,465.5,48.4
11,203,8.12,563.4,56.3
15,203,8.12,263.9,101.0
55,203,8.12,333.8,151.6
56,203,8.12,738.0,200.3
76,203,8.12,198.4,126.7
83,203,8.12,753.3,518.7
92,203,8.12,464.5,35.3
10,204,8.16,465.7,48.4
11,204,8.16,563.6,55.9
15,204,8.16,263.1,100.0
17,204,8.16,260.5,173.9
55,204,8.16,332.9,151.8
56,204,8.16,737.8,198.5
76,204,8.16,196.5,126.3
83,204,8.16,753.7,516.8
92,204,8.16,464.5,35.3
10,205,8.2,465.6,48.5
11,205,8.2,563.6,55.7
15,205,8.2,262.0,97.2
17,205,8.2,259.8,174.0
55,205,8.2,331.9,151.5
56,205,8.2,737.8,198.4
76,205,8.2,197.0,122.2
83,205,8.2,753.7,518.7
92,205,8.2,464.4,35.3
10,206,8.24,465.5,48.8
11,206,8.24,563.3,55.8
15,206,8.24,260.0,97.2
55,206,8.24,331.0,151.0
56,206,8.24,738.3,192.2
76,206,8.24,195.9,124.7
92,206,8.24,464.5,35.3
10,207,8.28,465.4,49.0
11,207,8.28,563.2,55.7
15,207,8.28,260.0,96.7
55,207,8.28,330.9,150.6
56,207,8.28,738.9,190.5
76,207,8.28,195.3,126.0
92,207,8.28,464.4,35.3
10,208,8.32,465.4,49.0
11,208,8.32,563.3,55.7
15,208,8.32,259.3,96.6
55,208,8.32,330.8,150.4
56,208,8.32,739.0,193.9
76,208,8.32,194.4,129.3
92,208,8.32,464.4,35.3
10,209,8.36,465.5,48.8
11,209,8.36,563.4,55.3
15,209,8.36,259.3,96.4
17,209,8.36,257.9,192.3
55,209,8.36,331.0,150.7
56,209,8.36,738.9,194.8
76,209,8.36,191.0,143.4
92,209,8.36,464.2,35.2
10,210,8.4,465.6,48.7
11,210,8.4,563.5,54.6
15,210,8.4,259.7,98.8
17,210,8.4,258.2,194.8
55,210,8.4,332.1,150.9
56,210,8.4,738.9,197.6
76,210,8.4,188.0,144.4
92,210,8.4,463.8,35.0
10,211,8.44,465.5,48.7
11,211,8.44,563.7,54.8
15,211,8.44,259.1,98.9
17,211,8.44,257.8,196.1
55,211,8.44,333.1,151.6
56,211,8.44,739.0,200.3
76,211,8.44,185.3,151.4
92,211,8.44,463.7,34.9
10,212,8.48,465.2,48.7
11,212,8.48,563.9,55.0
15,212,8.48,257.3,97.2
17,212,8.48,258.4,196.6
55,212,8.48,332.7,136.3
56,212,8.48,739.1,201.4
76,212,8.48,185.3,156.9
92,212,8.48,463.7,35.0
10,213,8.52,465.4,48.9
11,213,8.52,563.5,55.2
15,213,8.52,257.7,96.4
17,213,8.52,258.6,196.3
56,213,8.52,739.2,200.8
76,213,8.52,184.6,155.3
90,213,8.52,334.8,130.6
92,213,8.52,464.3,35.1
10,214,8.56,465.4,48.8
11,214,8.56,563.4,55.1
15,214,8.56,257.4,96.5
17,214,8.56,258.9,195.1
55,214,8.56,334.5,153.0
56,214,8.56,739.3,200.0
76,214,8.56,178.0,155.0
90,214,8.56,334.0,131.6
92,214,8.56,464.3,35.1
10,215,8.6,465.5,48.8
11,215,8.6,563.4,55.3
15,215,8.6,258.4,95.9
17,215,8.6,259.0,195.2
55,215,8.6,333.4,159.1
56,215,8.6,738.6,200.1
76,215,8.6,173.5,148.8
92,215,8.6,464.4,35.1
10,216,8.64,465.5,48.8
11,216,8.64,563.3,56.1
15,216,8.64,259.6,95.8
17,216,8.64,258.6,197.3
55,216,8.64,334.6,161.5
56,216,8.64,738.5,198.0
76,216,8.64,172.7,153.3
92,216,8.64,464.4,35.1
106,216,8.64,699.8,150.9
10,217,8.68,465.3,49.0
11,217,8.68,563.1,56.4
15,217,8.68,261.2,97.9
17,217,8.68,258.4,198.3
56,217,8.68,738.6,196.7
76,217,8.68,180.8,153.3
90,217,8.68,334.8,132.6
92,217,8.68,464.3,35.0
106,217,8.68,699.8,150.9
10,218,8.72,465.5,48.9
11,218,8.72,563.0,56.7
15,218,8.72,260.7,96.2
17,218,8.72,257.8,197.2
55,218,8.72,336.1,160.5
56,218,8.72,738.8,196.4
76,218,8.72,171.3,153.4
90,218,8.72,333.5,131.7
92,218,8.72,464.6,35.1
106,218,8.72,699.8,150.9
10,219,8.76,465.3,48.8
11,219,8.76,563.0,56.4
15,219,8.76,259.5,95.7
17,219,8.76,257.0,197.1
55,219,8.76,335.7,159.0
56,219,8.76,738.9,196.3
76,219,8.76,177.8,150.1
90,219,8.76,332.6,109.7
92,219,8.76,464.4,35.0
106,219,8.76,699.8,150.9
10,220,8.8,465.2,48.9
11,220,8.8,563.2,56.3
15,220,8.8,260.0,95.9
17,220,8.8,257.7,197.1
55,220,8.8,335.3,156.2
56,220,8.8,738.8,196.5
76,220,8.8,173.4,147.8
90,220,8.8,332.2,100.6
92,220,8.8,464.4,35.0
106,220,8.8,699.9,150.9
10,221,8.84,465.3,48.8
11,221,8.84,563.4,56.0
15,221,8.84,260.5,96.1
17,221,8.84,257.8,197.2
55,221,8.84,335.1,156.5
56,221,8.84,738.7,196.8
76,221,8.84,172.1,149.3
90,221,8.84,332.1,98.2
92,221,8.84,464.7,34.9
106,221,8.84,699.8,150.9
10,222,8.88,465.5,48.7
11,222,8.88,563.5,55.6
15,222,8.88,260.4,95.0
17,222,8.88,258.3,198.1
55,222,8.88,334.5,157.7
56,222,8.88,738.5,197.8
76,222,8.88,170.0,151.1
90,222,8.88,332.3,97.6
92,222,8.88,464.7,34.9
106,222,8.88,699.8,150.9
10,223,8.92,465.6,48.7
11,223,8.92,563.6,55.4
15,223,8.92,259.7,95.3
17,223,8.92,257.7,197.4
55,223,8.92,335.4,158.8
56,223,8.92,738.3,201.1
76,223,8.92,169.8,153.7
92,223,8.92,464.9,35.0
106,223,8.92,699.8,150.9
10,224,8.96,465.5,48.7
11,224,8.96,563.8,55.2
15,224,8.96,259.8,95.4
17,224,8.96,258.0,197.8
55,224,8.96,334.6,160.4
56,224,8.96,738.0,202.2
76,224,8.96,173.6,153.5
92,224,8.96,464.8,34.8
106,224,8.96,699.8,150.9
10,225,9.0,465.6,48.7
11,225,9.0,563.8,55.3
15,225,9.0,256.9,96.7
17,225,9.0,258.8,191.3
55,225,9.0,333.5,161.4
56,225,9.0,737.6,203.4
76,225,9.0,174.7,154.9
92,225,9.0,464.9,34.7
10,226,9.04,465.4,48.8
11,226,9.04,563.8,55.4
15,226,9.04,255.7,101.2
17,226,9.04,259.3,190.2
55,226,9.04,333.2,161.5
56,226,9.04,737.6,203.8
92,226,9.04,464.8,34.8
10,227,9.08,465.3,49.0
11,227,9.08,563.7,55.6
15,227,9.08,255.3,102.7
17,227,9.08,260.2,188.3
55,227,9.08,333.0,161.6
56,227,9.08,737.5,204.0
92,227,9.08,464.7,34.8
10,228,9.12,465.3,49.2
11,228,9.12,563.8,55.5
15,228,9.12,255.5,101.9
17,228,9.12,261.1,186.4
55,228,9.12,332.9,161.6
56,228,9.12,737.3,199.3
92,228,9.12,464.6,34.9
10,229,9.16,465.4,49.3
11,229,9.16,563.9,55.4
15,229,9.16,255.4,100.5
17,229,9.16,262.0,185.9
55,229,9.16,332.9,161.5
92,229,9.16,464.9,34.8
10,230,9.2,465.6,49.2
11,230,9.2,564.1,55.1
15,230,9.2,255.6,99.9
17,230,9.2,262.6,186.0
55,230,9.2,332.8,161.3
92,230,9.2,465.0,34.9
10,231,9.24,465.6,49.2
11,231,9.24,564.1,55.0
15,231,9.24,255.9,100.8
17,231,9.24,261.9,185.9
55,231,9.24,332.9,161.1
92,231,9.24,465.0,34.8
114,231,9.24,620.3,522.3
10,232,9.28,465.4,49.3
11,232,9.28,564.1,54.4
15,232,9.28,256.2,101.8
17,232,9.28,262.0,186.1
55,232,9.28,333.0,161.1
92,232,9.28,464.9,34.9
114,232,9.28,621.2,521.8
10,233,9.32,465.4,49.2
11,233,9.32,564.2,54.1
15,233,9.32,256.8,105.0
17,233,9.32,261.9,186.5
55,233,9.32,333.2,161.0
92,233,9.32,464.7,34.8
114,233,9.32,621.1,521.2
10,234,9.36,465.3,49.2
11,234,9.36,564.2,54.1
15,234,9.36,257.2,107.2
17,234,9.36,261.6,186.8
55,234,9.36,333.3,161.0
92,234,9.36,464.6,34.8
114,234,9.36,620.7,521.0
10,235,9.4,465.3,49.1
11,235,9.4,564.3,53.7
15,235,9.4,255.8,103.3
17,235,9.4,261.5,186.8
55,235,9.4,333.3,160.8
92,235,9.4,464.7,34.8
114,235,9.4,620.1,520.9
10,236,9.44,465.3,49.1
11,236,9.44,564.3,53.9
15,236,9.44,254.4,99.3
17,236,9.44,261.5,186.6
55,236,9.44,333.3,160.7
92,236,9.44,464.6,34.8
114,236,9.44,619.0,521.8
10,237,9.48,465.3,49.1
11,237,9.48,564.3,53.9
15,237,9.48,256.2,101.4
17,237,9.48,261.6,186.6
55,237,9.48,333.5,160.7
92,237,9.48,464.3,34.7
114,237,9.48,618.4,523.4
10,238,9.52,465.4,49.1
11,238,9.52,564.3,53.8
15,238,9.52,258.2,101.4
17,238,9.52,261.5,186.3
55,238,9.52,333.5,160.6
92,238,9.52,464.3,34.7
114,238,9.52,618.0,523.0
10,239,9.56,465.7,49.0
11,239,9.56,564.2,53.7
15,239,9.56,261.8,102.7
17,239,9.56,261.5,186.4
55,239,9.56,333.5,160.2
92,239,9.56,464.6,34.7
114,239,9.56,617.5,524.2
10,240,9.6,465.9,49.0
11,240,9.6,564.3,53.8
15,240,9.6,258.8,98.2
17,240,9.6,261.6,186.2
55,240,9.6,333.1,158.1
92,240,9.6,465.0,34.7
114,240,9.6,617.4,523.6
10,241,9.64,465.0,49.1
11,241,9.64,564.1,54.0
15,241,9.64,256.8,93.8
17,241,9.64,262.0,186.6
55,241,9.64,332.2,156.8
92,241,9.64,463.8,34.8
10,242,9.68,464.5,49.1
11,242,9.68,564.0,54.1
15,242,9.68,256.6,92.2
17,242,9.68,262.0,186.8
55,242,9.68,332.2,155.2
92,242,9.68,463.3,34.8
122,242,9.68,166.1,124.8
10,243,9.72,464.3,49.9
11,243,9.72,564.0,53.9
15,243,9.72,256.6,91.6
17,243,9.72,261.7,186.9
55,243,9.72,331.9,154.7
92,243,9.72,463.0,35.9
122,243,9.72,166.2,124.9
10,244,9.76,464.5,49.6
11,244,9.76,564.0,53.8
15,244,9.76,256.5,91.2
17,244,9.76,261.9,186.9
55,244,9.76,333.7,138.5
92,244,9.76,463.1,35.1
122,244,9.76,166.3,124.9
10,245,9.8,464.7,49.3
11,245,9.8,564.1,53.5
15,245,9.8,255.7,90.5
17,245,9.8,260.8,187.1
55,245,9.8,329.0,149.2
92,245,9.8,463.5,35.5
122,245,9.8,166.2,125.0
10,246,9.84,464.9,49.0
11,246,9.84,564.1,54.0
15,246,9.84,256.2,89.6
17,246,9.84,261.6,182.1
56,246,9.84,737.5,201.6
92,246,9.84,463.6,35.0
122,246,9.84,166.2,124.9
10,247,9.88,465.0,48.9
11,247,9.88,564.1,54.1
15,247,9.88,256.7,89.3
17,247,9.88,261.5,180.9
56,247,9.88,737.4,200.5
92,247,9.88,463.4,34.7
122,247,9.88,166.1,124.9
10,248,9.92,465.0,48.9
11,248,9.92,564.1,54.2
15,248,9.92,256.9,89.2
17,248,9.92,260.9,183.3
56,248,9.92,737.3,200.7
92,248,9.92,463.3,34.7
122,248,9.92,166.1,124.8
10,249,9.96,465.0,49.0
11,249,9.96,564.4,54.0
15,249,9.96,256.6,88.4
17,249,9.96,260.7,183.9
56,249,9.96,737.3,201.5
92,249,9.96,463.4,34.8
122,249,9.96,166.1,124.7
10,250,10.0,465.0,49.0
11,250,10.0,564.5,54.0
15,250,10.0,256.4,88.3
17,250,10.0,260.4,184.5
56,250,10.0,737.3,201.7
92,250,10.0,463.5,34.7
122,250,10.0,166.2,124.7
10,251,10.04,464.8,49.1
11,251,10.04,564.3,53.1
15,251,10.04,256.2,89.4
17,251,10.04,260.2,180.1
56,251,10.04,737.4,201.2
92,251,10.04,463.6,34.7
122,251,10.04,166.9,124.3
10,252,10.08,464.8,49.3
11,252,10.08,564.2,53.6
15,252,10.08,255.3,90.9
17,252,10.08,260.9,179.7
56,252,10.08,737.4,201.1
92,252,10.08,464.0,34.6
122,252,10.08,166.9,124.2
10,253,10.12,464.8,49.4
11,253,10.12,564.1,54.0
15,253,10.12,256.3,91.9
17,253,10.12,263.5,177.6
56,253,10.12,737.4,200.8
92,253,10.12,464.0,34.5
122,253,10.12,166.9,124.1
10,254,10.16,464.7,49.4
11,254,10.16,564.0,55.0
15,254,10.16,256.7,92.5
17,254,10.16,262.8,183.6
56,254,10.16,737.4,200.9
92,254,10.16,464.0,34.5
122,254,10.16,167.0,124.1
10,255,10.2,464.8,49.1
11,255,10.2,564.0,55.5
15,255,10.2,257.3,93.0
17,255,10.2,262.6,186.3
55,255,10.2,335.7,130.3
56,255,10.2,737.3,201.0
92,255,10.2,464.2,34.6
122,255,10.2,165.5,122.8
10,256,10.24,464.8,49.0
11,256,10.24,564.2,56.0
15,256,10.24,257.3,93.0
17,256,10.24,262.4,187.3
55,256,10.24,333.8,145.0
56,256,10.24,737.3,201.0
92,256,10.24,464.1,34.6
122,256,10.24,165.0,122.4
10,257,10.28,464.7,49.2
11,257,10.28,564.3,55.6
15,257,10.28,255.5,92.8
17,257,10.28,262.2,187.7
55,257,10.28,333.5,151.5
56,257,10.28,737.2,201.0
92,257,10.28,464.1,34.6
122,257,10.28,166.4,123.5
126,257,10.28,175.6,188.7
10,258,10.32,464.8,49.2
11,258,10.32,565.0,55.9
15,258,10.32,256.1,94.0
17,258,10.32,262.0,187.7
55,258,10.32,335.1,153.7
56,258,10.32,737.2,200.6
92,258,10.32,464.2,34.5
126,258,10.32,175.5,188.9
10,259,10.36,464.4,50.1
11,259,10.36,564.8,55.5
15,259,10.36,255.0,93.6
17,259,10.36,261.6,187.8
55,259,10.36,335.4,156.8
56,259,10.36,737.2,200.3
92,259,10.36,464.0,34.8
126,259,10.36,177.0,188.2
10,260,10.4,464.4,49.6
11,260,10.4,564.8,55.8
15,260,10.4,256.3,96.5
17,260,10.4,261.2,187.8
55,260,10.4,335.8,159.7
56,260,10.4,737.2,199.9
92,260,10.4,463.7,34.6
126,260,10.4,178.4,188.5
10,261,10.44,464.5,49.3
11,261,10.44,566.6,56.0
15,261,10.44,255.7,94.4
17,261,10.44,261.4,187.7
55,261,10.44,335.8,160.7
56,261,10.44,737.1,199.7
92,261,10.44,463.7,34.5
126,261,10.44,178.1,188.5
10,262,10.48,464.4,51.0
11,262,10.48,569.4,56.2
15,262,10.48,255.1,94.1
17,262,10.48,261.5,187.7
55,262,10.48,336.0,161.0
56,262,10.48,737.1,199.7
92,262,10.48,464.3,35.0
126,262,10.48,178.2,188.5
10,263,10.52,464.6,51.0
11,263,10.52,570.2,56.1
15,263,10.52,255.0,94.2
17,263,10.52,261.6,187.7
55,263,10.52,335.8,160.9
56,263,10.52,737.1,199.3
92,263,10.52,464.7,35.2
126,263,10.52,181.0,188.3
10,264,10.56,464.7,50.9
11,264,10.56,570.4,55.7
15,264,10.56,255.6,95.6
17,264,10.56,261.8,187.7
55,264,10.56,335.6,160.9
56,264,10.56,737.1,199.8
92,264,10.56,464.6,35.0
126,264,10.56,183.1,188.2
10,265,10.6,464.8,50.9
11,265,10.6,570.5,55.8
15,265,10.6,255.5,96.2
17,265,10.6,261.5,187.8
55,265,10.6,336.0,160.8
56,265,10.6,737.1,199.9
92,265,10.6,464.9,35.4
126,265,10.6,184.0,188.0
10,266,10.64,464.8,50.8
11,266,10.64,570.2,55.5
15,266,10.64,255.2,97.1
17,266,10.64,261.4,187.7
55,266,10.64,335.9,160.8
56,266,10.64,737.1,199.2
92,266,10.64,465.1,35.5
126,266,10.64,184.2,188.0
10,267,10.68,465.0,50.7
11,267,10.68,570.1,55.3
15,267,10.68,255.2,97.6
17,267,10.68,261.4,187.7
55,267,10.68,335.8,160.9
56,267,10.68,737.1,199.1
92,267,10.68,465.3,35.5
126,267,10.68,184.7,187.9
10,268,10.72,465.1,50.3
11,268,10.72,569.9,55.1
15,268,10.72,255.1,97.2
17,268,10.72,261.6,187.8
55,268,10.72,335.9,160.8
56,268,10.72,737.0,198.8
92,268,10.72,465.0,35.0
126,268,10.72,184.0,188.0
10,269,10.76,465.1,50.3
11,269,10.76,569.9,54.7
15,269,10.76,255.9,97.9
17,269,10.76,261.7,188.0
55,269,10.76,335.9,160.8
56,269,10.76,737.1,198.3
92,269,10.76,465.3,35.3
126,269,10.76,183.9,188.1
10,270,10.8,465.1,50.5
11,270,10.8,569.9,54.5
15,270,10.8,256.2,98.3
17,270,10.8,261.9,188.1
55,270,10.8,336.2,160.8
56,270,10.8,737.1,198.3
92,270,10.8,465.4,35.4
122,270,10.8,167.6,123.6
126,270,10.8,183.8,188.1
10,271,10.84,465.0,50.7
11,271,10.84,570.2,53.5
15,271,10.84,256.3,96.7
17,271,10.84,262.1,188.1
55,271,10.84,336.1,160.5
56,271,10.84,737.0,198.0
92,271,10.84,465.4,35.5
122,271,10.84,167.4,123.5
126,271,10.84,183.6,188.1
10,272,10.88,465.0,50.8
11,272,10.88,570.3,53.4
15,272,10.88,257.4,97.7
17,272,10.88,262.1,188.0
55,272,10.88,336.0,160.4
56,272,10.88,737.0,197.7
92,272,10.88,465.4,35.5
122,272,10.88,167.4,123.6
126,272,10.88,183.2,188.0
10,273,10.92,465.1,50.7
11,273,10.92,570.2,54.3
15,273,10.92,257.2,99.8
17,273,10.92,262.3,188.0
55,273,10.92,336.1,160.4
56,273,10.92,737.0,197.6
92,273,10.92,465.4,35.5
122,273,10.92,167.4,123.7
126,273,10.92,183.1,188.0
10,274,10.96,465.1,50.7
11,274,10.96,570.2,54.6
15,274,10.96,255.2,95.3
17,274,10.96,262.2,188.0
55,274,10.96,336.1,160.3
56,274,10.96,737.0,197.8
92,274,10.96,465.4,35.6
122,274,10.96,167.6,124.0
126,274,10.96,183.2,188.0
10,275,11.0,465.0,50.8
11,275,11.0,570.0,54.6
15,275,11.0,255.6,92.8
17,275,11.0,262.1,188.0
55,275,11.0,336.1,160.4
56,275,11.0,737.0,197.9
92,275,11.0,465.4,35.6
122,275,11.0,167.3,123.9
126,275,11.0,183.0,188.0
10,276,11.04,465.0,50.8
11,276,11.04,569.9,54.7
15,276,11.04,254.0,91.9
17,276,11.04,262.3,188.0
55,276,11.04,336.2,160.5
56,276,11.04,737.0,198.0
92,276,11.04,465.4,35.6
122,276,11.04,167.2,123.7
126,276,11.04,183.1,188.0
10,277,11.08,464.9,51.0
11,277,11.08,570.0,54.5
15,277,11.08,257.5,91.9
17,277,11.08,262.6,187.9
55,277,11.08,335.2,160.4
56,277,11.08,737.1,197.8
92,277,11.08,465.2,35.7
122,277,11.08,167.6,124.0
126,277,11.08,183.8,187.9
10,278,11.12,464.9,51.3
11,278,11.12,570.0,54.3
15,278,11.12,259.9,91.7
17,278,11.12,262.6,188.1
55,278,11.12,335.0,160.4
56,278,11.12,737.1,197.7
92,278,11.12,465.1,35.9
122,278,11.12,167.7,123.6
126,278,11.12,179.2,188.3
10,279,11.16,464.8,51.3
11,279,11.16,570.0,54.2
15,279,11.16,256.0,92.1
17,279,11.16,262.4,188.3
55,279,11.16,335.7,160.4
56,279,11.16,737.0,197.5
92,279,11.16,465.1,35.9
122,279,11.16,167.8,123.4
126,279,11.16,177.1,188.6
10,280,11.2,464.8,51.3
11,280,11.2,570.1,54.1
15,280,11.2,254.0,90.5
17,280,11.2,262.3,188.5
55,280,11.2,336.6,160.4
56,280,11.2,737.0,197.3
92,280,11.2,465.0,35.8
122,280,11.2,168.3,124.0
126,280,11.2,175.3,188.6
10,281,11.24,464.7,51.3
11,281,11.24,570.0,54.0
15,281,11.24,257.9,90.5
17,281,11.24,262.3,188.2
55,281,11.24,336.5,160.5
56,281,11.24,737.0,197.1
92,281,11.24,465.0,35.9
122,281,11.24,168.1,124.0
126,281,11.24,174.6,188.8
10,282,11.28,464.7,51.5
11,282,11.28,570.0,54.1
15,282,11.28,259.2,90.5
17,282,11.28,262.3,187.9
55,282,11.28,336.5,160.5
56,282,11.28,737.0,197.1
92,282,11.28,465.0,36.2
122,282,11.28,167.6,124.0
126,282,11.28,174.5,189.0
10,283,11.32,464.7,51.4
11,283,11.32,570.0,54.4
15,283,11.32,261.0,92.5
17,283,11.32,262.3,187.7
55,283,11.32,336.1,160.4
56,283,11.32,737.0,197.1
92,283,11.32,465.0,36.1
126,283,11.32,176.5,189.0
10,284,11.36,464.7,51.2
11,284,11.36,570.0,54.5
15,284,11.36,259.7,91.9
17,284,11.36,262.3,187.7
55,284,11.36,335.6,159.9
56,284,11.36,737.0,197.1
92,284,11.36,464.6,35.5
126,284,11.36,182.6,188.7
131,284,11.36,194.6,574.6
10,285,11.4,464.7,51.2
11,285,11.4,569.9,54.5
15,285,11.4,257.4,92.9
17,285,11.4,262.2,187.6
55,285,11.4,335.5,160.1
56,285,11.4,736.9,197.2
92,285,11.4,464.4,35.1
126,285,11.4,177.6,188.8
131,285,11.4,194.4,574.6
10,286,11.44,464.6,51.4
11,286,11.44,569.9,54.5
15,286,11.44,257.2,94.9
17,286,11.44,261.7,187.4
55,286,11.44,335.1,159.9
56,286,11.44,736.9,197.1
92,286,11.44,464.7,35.5
131,286,11.44,194.7,575.2
10,287,11.48,464.6,51.4
11,287,11.48,569.8,54.5
15,287,11.48,256.3,94.9
17,287,11.48,261.4,187.3
55,287,11.48,335.0,159.8
56,287,11.48,736.9,197.0
92,287,11.48,464.8,35.7
10,288,11.52,464.5,51.3
11,288,11.52,569.9,54.4
15,288,11.52,256.0,95.3
17,288,11.52,261.5,187.1
55,288,11.52,335.0,159.8
56,288,11.52,736.9,197.0
92,288,11.52,464.7,35.6
10,289,11.56,464.4,51.6
11,289,11.56,569.9,54.2
15,289,11.56,260.0,97.6
17,289,11.56,262.0,186.8
55,289,11.56,335.0,159.8
56,289,11.56,737.0,197.1
92,289,11.56,464.6,35.6
10,290,11.6,464.5,51.2
11,290,11.6,569.9,54.3
15,290,11.6,259.6,102.1
17,290,11.6,262.1,186.6
55,290,11.6,335.1,160.0
56,290,11.6,736.9,197.1
92,290,11.6,464.4,35.1
10,291,11.64,464.6,51.2
11,291,11.64,569.8,54.2
15,291,11.64,258.8,104.4
17,291,11.64,262.1,186.6
55,291,11.64,335.2,159.8
56,291,11.64,736.9,197.2
92,291,11.64,464.4,35.0
131,291,11.64,226.3,576.1
10,292,11.68,464.7,54.5
11,292,11.68,569.8,54.2
15,292,11.68,255.9,98.4
17,292,11.68,262.3,186.7
55,292,11.68,335.4,160.0
56,292,11.68,736.9,197.2
131,292,11.68,229.2,576.8
10,293,11.72,463.0,53.5
11,293,11.72,569.8,53.9
15,293,11.72,256.8,96.8
17,293,11.72,262.3,186.5
55,293,11.72,335.4,159.9
56,293,11.72,737.0,197.1
131,293,11.72,230.0,577.8
10,294,11.76,464.4,52.0
11,294,11.76,569.7,53.7
15,294,11.76,256.9,97.9
17,294,11.76,262.2,186.5
55,294,11.76,335.3,159.9
56,294,11.76,737.1,197.0
131,294,11.76,231.4,577.7
10,295,11.8,463.0,52.2
11,295,11.8,569.7,53.6
15,295,11.8,256.7,97.6
17,295,11.8,262.2,186.5
55,295,11.8,335.3,160.0
56,295,11.8,737.4,196.9
10,296,11.84,462.4,52.2
11,296,11.84,569.8,53.6
15,296,11.84,255.6,97.0
17,296,11.84,262.2,186.7
55,296,11.84,335.1,159.9
56,296,11.84,737.4,197.0
10,297,11.88,462.3,52.4
11,297,11.88,569.8,53.5
15,297,11.88,255.8,97.1
17,297,11.88,262.3,186.7
55,297,11.88,335.3,160.0
56,297,11.88,737.3,200.1
10,298,11.92,462.1,52.7
11,298,11.92,569.8,53.8
15,298,11.92,254.6,95.6
17,298,11.92,262.3,186.7
55,298,11.92,335.3,160.0
56,298,11.92,737.6,202.1
10,299,11.96,462.2,52.8
11,299,11.96,569.7,53.8
15,299,11.96,254.1,95.1
17,299,11.96,262.4,186.7
55,299,11.96,335.3,159.8
56,299,11.96,737.8,202.7
10,300,12.0,462.2,53.0
11,300,12.0,569.7,53.8
15,300,12.0,257.2,102.0
17,300,12.0,262.0,186.8
55,300,12.0,335.5,160.0
56,300,12.0,737.7,203.0
10,301,12.04,465.1,52.5
11,301,12.04,569.5,55.1
15,301,12.04,257.1,101.2
17,301,12.04,261.5,187.1
55,301,12.04,335.4,160.4
56,301,12.04,737.7,203.2
10,302,12.08,466.4,52.3
11,302,12.08,569.4,55.7
15,302,12.08,254.7,97.9
17,302,12.08,261.5,186.7
55,302,12.08,335.3,160.5
56,302,12.08,737.7,203.2
10,303,12.12,466.1,52.5
11,303,12.12,569.4,56.0
15,303,12.12,252.6,95.5
17,303,12.12,261.7,186.5
55,303,12.12,335.4,160.6
56,303,12.12,737.6,203.2
136,303,12.12,245.8,273.0
10,304,12.16,465.7,52.5
11,304,12.16,569.4,55.8
15,304,12.16,252.2,94.2
17,304,12.16,261.7,186.5
55,304,12.16,335.4,160.6
56,304,12.16,737.7,203.3
136,304,12.16,245.9,273.0
10,305,12.2,466.4,52.4
11,305,12.2,569.4,55.7
15,305,12.2,251.8,93.7
17,305,12.2,261.7,186.5
55,305,12.2,335.3,160.6
56,305,12.2,737.6,203.3
136,305,12.2,246.0,273.1
10,306,12.24,467.7,52.6
11,306,12.24,569.4,55.9
15,306,12.24,252.4,93.6
17,306,12.24,261.8,186.4
55,306,12.24,335.3,160.6
56,306,12.24,737.6,203.4
136,306,12.24,246.1,273.0
10,307,12.28,468.8,52.4
11,307,12.28,569.4,55.8
15,307,12.28,252.6,93.6
17,307,12.28,261.8,186.4
55,307,12.28,335.3,160.6
56,307,12.28,737.6,203.4
136,307,12.28,246.3,272.9
10,308,12.32,470.0,52.1
11,308,12.32,569.4,55.8
15,308,12.32,253.1,93.8
17,308,12.32,261.8,186.5
55,308,12.32,335.3,160.6
56,308,12.32,737.5,203.3
136,308,12.32,246.5,272.8
10,309,12.36,469.9,52.4
11,309,12.36,569.4,55.8
15,309,12.36,252.0,93.4
17,309,12.36,261.8,186.2
55,309,12.36,335.3,160.6
56,309,12.36,737.5,203.2
136,309,12.36,246.4,272.9
10,310,12.4,469.5,52.1
11,310,12.4,569.4,55.8
15,310,12.4,253.1,93.1
17,310,12.4,261.7,186.3
55,310,12.4,335.3,160.6
56,310,12.4,737.5,203.1
126,310,12.4,173.6,188.8
136,310,12.4,246.2,273.0
10,311,12.44,469.1,51.8
11,311,12.44,569.4,55.8
15,311,12.44,254.2,92.7
17,311,12.44,261.7,186.3
55,311,12.44,335.3,160.5
56,311,12.44,737.5,203.0
126,311,12.44,174.1,188.8
136,311,12.44,246.2,273.0
138,311,12.44,261.7,107.4
10,312,12.48,469.0,51.3
11,312,12.48,569.5,55.9
15,312,12.48,255.0,92.1
17,312,12.48,261.6,186.2
55,312,12.48,335.2,160.5
56,312,12.48,737.5,203.1
126,312,12.48,174.9,188.8
136,312,12.48,246.3,273.1
138,312,12.48,260.8,106.7
10,313,12.52,468.7,51.0
11,313,12.52,569.4,56.0
17,313,12.52,261.7,186.3
55,313,12.52,335.2,160.5
56,313,12.52,737.5,203.0
126,313,12.52,175.6,188.8
136,313,12.52,246.1,273.1
138,313,12.52,259.5,98.7
10,314,12.56,468.7,51.0
11,314,12.56,569.4,56.3
15,314,12.56,256.1,92.4
17,314,12.56,261.6,186.3
55,314,12.56,335.3,160.4
56,314,12.56,737.5,203.1
126,314,12.56,177.0,188.7
136,314,12.56,246.1,273.1
138,314,12.56,263.0,105.4
10,315,12.6,468.3,50.8
11,315,12.6,569.5,56.3
15,315,12.6,255.4,92.6
17,315,12.6,261.7,186.4
55,315,12.6,335.2,160.4
56,315,12.6,737.5,203.1
92,315,12.6,466.8,34.8
126,315,12.6,177.5,188.7
136,315,12.6,246.0,273.0
138,315,12.6,263.6,106.8
10,316,12.64,468.0,50.5
11,316,12.64,569.5,56.0
15,316,12.64,258.3,95.6
17,316,12.64,261.7,186.4
55,316,12.64,335.3,160.3
56,316,12.64,737.5,203.1
92,316,12.64,467.3,35.1
126,316,12.64,178.6,188.6
136,316,12.64,246.2,273.0
10,317,12.68,469.0,49.6
11,317,12.68,569.5,55.9
15,317,12.68,258.6,93.5
17,317,12.68,261.5,186.5
55,317,12.68,335.0,160.2
56,317,12.68,737.5,203.0
92,317,12.68,468.3,34.8
136,317,12.68,246.1,273.1
138,317,12.68,263.1,106.2
10,318,12.72,468.6,48.2
11,318,12.72,569.5,55.7
15,318,12.72,258.2,91.9
17,318,12.72,261.5,186.2
55,318,12.72,334.8,160.2
56,318,12.72,737.5,203.0
136,318,12.72,245.5,273.1
138,318,12.72,264.1,106.0
10,319,12.76,462.9,49.9
11,319,12.76,569.5,55.7
15,319,12.76,258.6,91.9
17,319,12.76,261.5,186.2
55,319,12.76,335.0,160.1
56,319,12.76,737.5,203.0
136,319,12.76,245.5,273.1
138,319,12.76,265.4,105.1
10,320,12.8,460.4,51.9
11,320,12.8,569.5,55.6
15,320,12.8,259.8,92.9
17,320,12.8,261.4,186.6
55,320,12.8,335.0,159.3
56,320,12.8,737.5,203.0
92,320,12.8,461.6,34.4
136,320,12.8,246.0,273.0
10,321,12.84,458.5,50.8
11,321,12.84,569.5,55.7
15,321,12.84,260.0,93.4
17,321,12.84,261.4,186.9
55,321,12.84,336.2,161.2
56,321,12.84,737.5,202.9
92,321,12.84,460.8,34.6
136,321,12.84,246.2,272.9
10,322,12.88,458.9,50.0
11,322,12.88,569.5,55.6
15,322,12.88,259.0,91.5
17,322,12.88,261.4,187.0
55,322,12.88,336.7,162.6
56,322,12.88,737.5,203.0
92,322,12.88,460.4,34.3
136,322,12.88,246.3,272.9
138,322,12.88,266.9,106.2
10,323,12.92,461.3,49.8
11,323,12.92,569.5,55.8
15,323,12.92,258.5,90.9
17,323,12.92,261.6,187.1
55,323,12.92,340.0,144.4
56,323,12.92,737.5,202.8
92,323,12.92,462.1,32.2
136,323,12.92,246.2,272.8
138,323,12.92,266.6,106.0
10,324,12.96,463.1,49.9
11,324,12.96,569.5,55.9
15,324,12.96,258.7,90.9
17,324,12.96,260.8,187.0
55,324,12.96,340.9,138.2
56,324,12.96,737.5,202.7
92,324,12.96,463.3,31.6
136,324,12.96,245.9,272.9
138,324,12.96,265.9,106.5
10,325,13.0,463.5,50.0
11,325,13.0,569.5,56.1
15,325,13.0,258.5,90.8
17,325,13.0,260.6,186.9
55,325,13.0,340.8,135.6
56,325,13.0,737.5,202.7
92,325,13.0,463.6,31.6
136,325,13.0,246.0,272.9
138,325,13.0,265.7,106.8
10,326,13.04,463.8,49.8
11,326,13.04,569.5,56.1
15,326,13.04,259.2,90.2
17,326,13.04,261.1,187.0
55,326,13.04,342.0,133.9
56,326,13.04,737.5,202.7
92,326,13.04,463.7,33.3
136,326,13.04,246.3,272.8
138,326,13.04,266.0,106.4
143,326,13.04,167.2,124.5
10,327,13.08,464.1,49.9
11,327,13.08,569.5,56.1
15,327,13.08,258.4,88.1
17,327,13.08,261.9,186.9
55,327,13.08,338.0,149.9
56,327,13.08,737.5,202.7
92,327,13.08,464.0,33.8
136,327,13.08,246.4,272.8
143,327,13.08,167.3,124.8
10,328,13.12,464.4,50.5
11,328,13.12,569.5,56.1
15,328,13.12,258.0,87.0
17,328,13.12,262.1,186.9
55,328,13.12,336.3,153.6
56,328,13.12,737.5,202.6
92,328,13.12,464.2,34.0
136,328,13.12,246.4,272.8
143,328,13.12,167.3,125.0
10,329,13.16,465.0,50.1
11,329,13.16,569.5,56.0
15,329,13.16,258.0,89.2
17,329,13.16,262.2,187.2
55,329,13.16,335.6,153.4
56,329,13.16,737.5,202.7
92,329,13.16,464.6,35.0
136,329,13.16,246.6,272.8
143,329,13.16,167.3,124.7
10,330,13.2,465.5,49.2
11,330,13.2,569.5,55.9
15,330,13.2,257.9,89.1
17,330,13.2,262.1,187.3
55,330,13.2,335.3,153.3
56,330,13.2,737.5,202.8
92,330,13.2,465.2,34.2
136,330,13.2,246.6,272.8
143,330,13.2,167.4,124.6
10,331,13.24,466.0,48.7
11,331,13.24,569.6,55.8
15,331,13.24,257.9,88.8
17,331,13.24,262.2,186.9
55,331,13.24,335.3,153.3
56,331,13.24,737.5,203.0
92,331,13.24,465.8,34.1
136,331,13.24,246.6,272.8
143,331,13.24,167.2,124.6
10,332,13.28,465.9,49.2
11,332,13.28,569.6,55.9
15,332,13.28,258.5,90.3
17,332,13.28,262.4,185.9
55,332,13.28,335.3,153.5
56,332,13.28,737.5,203.1
92,332,13.28,465.8,33.9
136,332,13.28,246.8,272.8
143,332,13.28,167.2,124.3
10,333,13.32,465.3,49.5
11,333,13.32,569.5,56.0
15,333,13.32,258.1,88.9
17,333,13.32,260.7,190.6
55,333,13.32,335.4,154.6
56,333,13.32,737.4,203.2
92,333,13.32,465.4,34.1
136,333,13.32,246.9,272.8
143,333,13.32,167.4,124.2
10,334,13.36,464.6,49.7
11,334,13.36,569.5,55.9
15,334,13.36,258.3,91.5
17,334,13.36,259.5,194.2
55,334,13.36,335.1,155.1
56,334,13.36,737.4,203.4
92,334,13.36,464.7,34.2
136,334,13.36,246.8,272.9
143,334,13.36,166.8,122.1
10,335,13.4,464.5,49.8
11,335,13.4,569.5,56.0
15,335,13.4,255.3,92.1
17,335,13.4,259.1,195.8
55,335,13.4,335.1,156.4
56,335,13.4,737.4,203.4
92,335,13.4,464.5,34.4
136,335,13.4,246.7,272.9
138,335,13.4,258.7,105.7
143,335,13.4,167.3,131.6
10,336,13.44,464.4,49.8
11,336,13.44,569.4,56.1
17,336,13.44,259.0,196.2
55,336,13.44,335.3,156.7
56,336,13.44,737.4,203.5
92,336,13.44,464.5,34.4
136,336,13.44,246.7,272.8
143,336,13.44,166.3,133.6
10,337,13.48,464.4,50.1
11,337,13.48,569.4,56.2
17,337,13.48,257.7,197.5
55,337,13.48,335.3,156.6
56,337,13.48,737.4,203.5
92,337,13.48,464.8,34.5
138,337,13.48,256.7,102.6
143,337,13.48,170.5,147.6
147,337,13.48,196.5,572.8
10,338,13.52,464.0,49.9
11,338,13.52,569.4,56.3
17,338,13.52,257.6,197.8
55,338,13.52,335.2,155.5
56,338,13.52,737.4,203.3
92,338,13.52,464.7,34.4
138,338,13.52,257.5,102.5
143,338,13.52,172.3,153.7
147,338,13.52,197.7,573.8
10,339,13.56,463.9,49.7
11,339,13.56,569.6,55.5
17,339,13.56,257.7,197.9
55,339,13.56,335.2,154.8
56,339,13.56,737.4,203.3
92,339,13.56,464.8,34.4
138,339,13.56,257.9,105.7
143,339,13.56,172.2,156.7
147,339,13.56,186.4,559.4
10,340,13.6,463.7,49.9
11,340,13.6,569.6,55.8
17,340,13.6,257.1,198.0
55,340,13.6,335.3,154.1
56,340,13.6,737.4,203.4
92,340,13.6,464.4,34.3
138,340,13.6,258.5,105.1
143,340,13.6,172.4,157.6
147,340,13.6,191.6,563.9
10,341,13.64,463.6,49.9
11,341,13.64,569.6,56.0
17,341,13.64,256.9,197.9
55,341,13.64,335.5,153.7
56,341,13.64,737.4,203.3
92,341,13.64,464.6,33.1
138,341,13.64,258.2,105.0
143,341,13.64,172.2,157.8
147,341,13.64,176.0,553.6
10,342,13.68,463.7,49.9
11,342,13.68,569.7,55.2
17,342,13.68,256.7,197.6
55,342,13.68,335.7,153.2
56,342,13.68,737.4,203.2
92,342,13.68,464.4,33.9
138,342,13.68,256.3,103.1
143,342,13.68,171.9,157.4
147,342,13.68,175.0,550.5
10,343,13.72,463.4,50.3
11,343,13.72,569.6,55.7
17,343,13.72,256.7,197.4
55,343,13.72,339.4,158.3
56,343,13.72,737.4,203.1
92,343,13.72,464.3,33.8
138,343,13.72,256.9,102.2
143,343,13.72,171.0,157.5
147,343,13.72,181.2,552.4
10,344,13.76,463.6,50.4
11,344,13.76,569.5,55.8
17,344,13.76,256.2,197.3
55,344,13.76,337.1,154.9
56,344,13.76,737.4,203.2
92,344,13.76,464.3,34.4
138,344,13.76,256.6,102.3
143,344,13.76,170.6,157.5
150,344,13.76,331.3,130.3
10,345,13.8,463.7,50.1
11,345,13.8,569.7,54.8
17,345,13.8,255.7,197.4
56,345,13.8,737.4,203.2
92,345,13.8,464.4,34.3
138,345,13.8,257.5,101.4
143,345,13.8,170.8,157.4
150,345,13.8,333.7,128.9
10,346,13.84,463.5,50.2
11,346,13.84,569.6,55.3
17,346,13.84,253.6,197.3
55,346,13.84,336.0,150.6
56,346,13.84,737.4,203.1
92,346,13.84,464.2,34.2
138,346,13.84,260.2,100.2
150,346,13.84,333.4,126.7
10,347,13.88,463.4,50.2
11,347,13.88,569.5,55.5
17,347,13.88,254.1,197.4
55,347,13.88,336.0,150.6
56,347,13.88,737.4,203.1
92,347,13.88,464.1,34.1
138,347,13.88,258.5,99.6
150,347,13.88,333.4,125.9
10,348,13.92,462.8,50.5
11,348,13.92,569.5,55.9
17,348,13.92,255.0,197.3
55,348,13.92,336.0,150.0
56,348,13.92,737.4,203.2
92,348,13.92,464.1,33.8
138,348,13.92,258.0,100.6
150,348,13.92,333.0,126.4
10,349,13.96,463.2,50.4
11,349,13.96,569.5,55.9
17,349,13.96,255.5,197.2
55,349,13.96,335.2,148.2
56,349,13.96,737.4,203.2
92,349,13.96,464.1,34.8
138,349,13.96,257.7,101.6
150,349,13.96,333.1,128.3
10,350,14.0,463.6,50.1
11,350,14.0,569.5,55.9
17,350,14.0,254.8,197.2
55,350,14.0,333.5,148.8
56,350,14.0,737.5,203.2
92,350,14.0,464.1,34.5
138,350,14.0,257.5,102.4
143,350,14.0,171.6,154.8
150,350,14.0,332.8,122.4
10,351,14.04,463.7,49.9
11,351,14.04,569.4,56.0
17,351,14.04,255.1,196.7
55,351,14.04,333.9,149.5
56,351,14.04,737.5,203.2
92,351,14.04,464.1,34.4
138,351,14.04,257.8,103.1
143,351,14.04,171.2,154.7
150,351,14.04,332.1,124.3
10,352,14.08,463.9,49.7
11,352,14.08,569.4,56.0
17,352,14.08,257.0,189.3
55,352,14.08,333.9,149.6
56,352,14.08,737.5,203.2
92,352,14.08,464.0,34.0
138,352,14.08,257.8,104.5
143,352,14.08,171.8,155.0
150,352,14.08,332.0,127.6
10,353,14.12,464.0,49.7
17,353,14.12,258.1,185.8
55,353,14.12,335.5,149.7
56,353,14.12,737.4,203.1
92,353,14.12,464.0,33.8
138,353,14.12,258.0,106.3
143,353,14.12,172.6,155.1
150,353,14.12,333.5,129.7
10,354,14.16,463.8,50.2
11,354,14.16,569.0,56.7
17,354,14.16,254.4,185.3
55,354,14.16,335.5,150.6
56,354,14.16,737.4,203.1
92,354,14.16,463.9,33.8
138,354,14.16,258.2,110.1
143,354,14.16,172.1,154.4
150,354,14.16,334.3,130.1
10,355,14.2,463.8,50.2
11,355,14.2,569.2,55.7
17,355,14.2,253.3,185.0
56,355,14.2,737.4,203.0
92,355,14.2,464.0,33.9
138,355,14.2,257.3,110.9
143,355,14.2,170.8,154.5
150,355,14.2,335.2,129.9
10,356,14.24,463.6,50.2
11,356,14.24,569.2,56.1
17,356,14.24,253.2,184.9
56,356,14.24,737.4,203.0
92,356,14.24,464.0,33.8
138,356,14.24,256.8,110.7
143,356,14.24,169.9,155.4
150,356,14.24,337.0,130.6
154,356,14.24,140.0,14.0
10,357,14.28,463.0,50.5
11,357,14.28,569.3,56.0
17,357,14.28,254.8,185.3
56,357,14.28,737.5,203.3
92,357,14.28,463.5,33.8
138,357,14.28,256.4,110.5
143,357,14.28,169.5,155.9
150,357,14.28,338.8,132.0
154,357,14.28,140.0,14.1
10,358,14.32,462.5,50.8
11,358,14.32,569.4,56.2
17,358,14.32,255.1,185.4
56,358,14.32,737.5,203.2
92,358,14.32,463.2,33.7
138,358,14.32,257.0,110.7
143,358,14.32,169.6,156.5
150,358,14.32,339.5,132.3
154,358,14.32,140.0,14.1
10,359,14.36,462.6,50.8
11,359,14.36,569.4,56.3
17,359,14.36,255.8,185.4
56,359,14.36,737.5,203.2
92,359,14.36,463.1,33.8
136,359,14.36,245.8,272.8
138,359,14.36,257.5,109.5
143,359,14.36,166.1,173.9
150,359,14.36,338.5,132.1
154,359,14.36,140.0,14.1
157,359,14.36,167.5,127.7
10,360,14.4,462.6,51.1
11,360,14.4,569.5,55.9
17,360,14.4,256.2,185.5
56,360,14.4,737.5,203.2
92,360,14.4,463.0,33.6
136,360,14.4,245.7,272.8
138,360,14.4,256.7,105.0
143,360,14.4,168.5,161.5
150,360,14.4,338.6,132.5
154,360,14.4,140.0,14.1
157,360,14.4,167.1,128.7
10,361,14.44,459.8,50.1
11,361,14.44,569.5,55.7
17,361,14.44,252.8,186.2
55,361,14.44,332.9,157.4
56,361,14.44,737.4,203.2
92,361,14.44,462.7,33.3
136,361,14.44,245.7,272.6
138,361,14.44,256.0,107.1
143,361,14.44,170.1,158.2
150,361,14.44,337.8,133.5
154,361,14.44,140.0,14.1
157,361,14.44,167.7,132.8
10,362,14.48,460.5,50.7
11,362,14.48,569.5,55.3
17,362,14.48,250.7,186.2
56,362,14.48,737.3,203.3
92,362,14.48,462.4,34.0
138,362,14.48,254.1,101.0
143,362,14.48,171.1,156.9
150,362,14.48,338.4,133.4
154,362,14.48,140.0,14.1
157,362,14.48,167.6,134.5
10,363,14.52,460.7,50.8
11,363,14.52,569.5,55.7
17,363,14.52,255.4,185.6
56,363,14.52,737.2,203.2
92,363,14.52,462.2,34.2
138,363,14.52,253.7,98.7
143,363,14.52,172.4,156.8
150,363,14.52,339.7,133.6
154,363,14.52,140.1,14.1
10,364,14.56,461.9,50.8
11,364,14.56,569.3,56.2
17,364,14.56,257.0,192.1
56,364,14.56,737.2,203.3
92,364,14.56,462.6,34.9
138,364,14.56,253.3,97.5
143,364,14.56,172.9,156.6
150,364,14.56,339.0,133.5
154,364,14.56,140.1,14.1
10,365,14.6,459.1,49.8
11,365,14.6,569.3,56.2
17,365,14.6,257.3,194.7
56,365,14.6,737.2,203.3
92,365,14.6,460.9,34.1
138,365,14.6,253.1,96.6
143,365,14.6,173.2,156.6
150,365,14.6,339.9,133.4
154,365,14.6,140.1,14.1
158,365,14.6,561.7,229.6
10,366,14.64,458.0,49.6
11,366,14.64,569.4,57.1
17,366,14.64,258.5,193.1
56,366,14.64,737.2,203.3
92,366,14.64,460.2,33.7
138,366,14.64,252.8,96.7
143,366,14.64,172.9,157.1
150,366,14.64,339.5,133.2
154,366,14.64,140.1,14.1
158,366,14.64,557.7,212.1
10,367,14.68,459.0,49.8
11,367,14.68,569.7,56.0
17,367,14.68,258.2,191.3
55,367,14.68,329.1,158.6
56,367,14.68,737.2,203.4
92,367,14.68,460.0,34.2
138,367,14.68,252.7,95.5
143,367,14.68,172.3,156.8
150,367,14.68,339.9,132.9
154,367,14.68,140.0,14.1
158,367,14.68,551.6,207.5
10,368,14.72,460.2,55.3
11,368,14.72,569.9,51.6
17,368,14.72,258.3,191.1
55,368,14.72,326.9,158.7
56,368,14.72,737.2,203.4
92,368,14.72,461.2,37.6
138,368,14.72,253.0,95.2
143,368,14.72,172.3,155.2
150,368,14.72,337.2,132.8
154,368,14.72,140.0,14.1
158,368,14.72,548.5,169.9
11,369,14.76,569.9,60.0
17,369,14.76,258.1,191.9
55,369,14.76,325.9,159.7
56,369,14.76,737.2,203.5
92,369,14.76,467.1,36.0
138,369,14.76,253.3,95.1
143,369,14.76,172.8,154.6
150,369,14.76,341.5,129.1
154,369,14.76,140.0,14.1
158,369,14.76,547.0,155.3
10,370,14.8,464.8,54.1
11,370,14.8,570.3,54.2
17,370,14.8,257.5,193.0
55,370,14.8,325.3,159.7
56,370,14.8,737.2,203.4
92,370,14.8,466.4,35.7
138,370,14.8,253.2,94.6
143,370,14.8,174.4,154.6
150,370,14.8,340.0,130.1
154,370,14.8,140.0,14.1
158,370,14.8,541.8,137.8
10,371,14.84,467.2,55.1
11,371,14.84,577.4,51.2
17,371,14.84,256.6,195.2
55,371,14.84,327.2,162.1
56,371,14.84,737.2,203.4
92,371,14.84,468.4,34.6
138,371,14.84,253.3,95.1
143,371,14.84,174.9,154.5
154,371,14.84,140.0,14.1
158,371,14.84,536.0,113.3
10,372,14.88,466.1,54.0
11,372,14.88,580.7,50.8
17,372,14.88,256.1,195.7
55,372,14.88,330.6,164.2
56,372,14.88,737.2,203.3
92,372,14.88,466.8,36.0
138,372,14.88,254.6,98.9
143,372,14.88,173.9,154.5
150,372,14.88,340.1,130.3
154,372,14.88,140.1,14.1
158,372,14.88,525.8,99.3
10,373,14.92,466.5,56.7
11,373,14.92,579.0,50.0
17,373,14.92,256.5,191.0
55,373,14.92,332.4,162.7
56,373,14.92,737.2,203.3
92,373,14.92,470.4,35.8
138,373,14.92,255.1,100.1
143,373,14.92,173.5,154.5
150,373,14.92,341.3,130.8
154,373,14.92,140.1,14.1
158,373,14.92,517.6,90.1
11,374,14.96,574.1,50.7
17,374,14.96,256.9,189.0
55,374,14.96,333.6,164.3
56,374,14.96,737.1,203.4
138,374,14.96,255.4,102.7
143,374,14.96,175.6,154.5
150,374,14.96,342.5,129.9
154,374,14.96,140.1,14.1
158,374,14.96,506.9,79.8
11,375,15.0,570.8,58.2
17,375,15.0,257.2,188.0
55,375,15.0,333.3,164.0
56,375,15.0,737.1,203.5
138,375,15.0,254.8,100.2
143,375,15.0,174.0,154.3
154,375,15.0,140.0,14.1
158,375,15.0,507.5,76.2
11,376,15.04,570.8,59.7
17,376,15.04,257.4,188.5
55,376,15.04,332.5,162.5
56,376,15.04,737.1,203.5
138,376,15.04,254.6,99.1
143,376,15.04,176.6,155.3
150,376,15.04,342.2,131.0
154,376,15.04,140.0,14.1
158,376,15.04,508.0,75.1
11,377,15.08,575.0,54.1
17,377,15.08,257.0,188.4
55,377,15.08,331.3,163.8
56,377,15.08,737.1,203.4
138,377,15.08,253.4,96.5
143,377,15.08,177.0,155.0
150,377,15.08,342.9,125.0
158,377,15.08,506.2,75.0
11,378,15.12,578.6,50.7
17,378,15.12,257.1,187.7
55,378,15.12,330.7,163.9
56,378,15.12,737.1,203.4
138,378,15.12,253.0,95.4
143,378,15.12,174.3,155.4
150,378,15.12,343.1,124.7
158,378,15.12,501.7,78.0
11,379,15.16,574.8,60.0
17,379,15.16,256.8,186.4
55,379,15.16,330.8,163.9
56,379,15.16,737.1,203.3
138,379,15.16,252.6,94.8
143,379,15.16,173.3,155.3
150,379,15.16,343.5,126.3
158,379,15.16,511.2,82.5
11,380,15.2,574.0,63.5
17,380,15.2,257.5,184.2
55,380,15.2,330.9,164.1
56,380,15.2,737.0,203.2
138,380,15.2,252.7,95.4
143,380,15.2,172.6,155.9
158,380,15.2,514.5,84.2
11,381,15.24,576.5,57.8
17,381,15.24,257.7,183.6
55,381,15.24,330.2,164.0
56,381,15.24,736.9,203.1
138,381,15.24,252.8,96.3
143,381,15.24,172.9,155.3
158,381,15.24,518.5,85.0
17,382,15.28,250.9,184.5
55,382,15.28,330.0,165.5
56,382,15.28,736.9,203.1
138,382,15.28,253.4,96.4
158,382,15.28,526.0,86.4
11,383,15.32,580.3,51.9
17,383,15.32,249.2,185.2
55,383,15.32,326.8,166.2
56,383,15.32,736.9,203.1
138,383,15.32,254.3,98.9
158,383,15.32,531.2,90.1
11,384,15.36,581.6,50.3
17,384,15.36,248.2,185.3
55,384,15.36,326.2,166.6
56,384,15.36,736.9,203.1
138,384,15.36,255.3,99.9
158,384,15.36,532.3,107.8
11,385,15.4,581.8,49.2
17,385,15.4,251.4,187.7
55,385,15.4,327.2,166.7
56,385,15.4,736.9,203.1
138,385,15.4,255.7,99.9
158,385,15.4,532.9,123.0
10,386,15.44,466.3,51.4
11,386,15.44,574.5,48.2
17,386,15.44,256.5,188.4
55,386,15.44,328.0,166.7
56,386,15.44,736.9,203.1
92,386,15.44,466.0,36.6
138,386,15.44,255.6,97.8
158,386,15.44,535.4,134.0
10,387,15.48,466.4,50.7
11,387,15.48,571.7,48.3
17,387,15.48,258.6,187.9
55,387,15.48,325.9,166.7
56,387,15.48,736.9,203.0
92,387,15.48,466.0,36.4
138,387,15.48,255.2,96.3
158,387,15.48,537.5,142.9
10,388,15.52,466.7,51.5
11,388,15.52,569.5,52.2
17,388,15.52,259.5,187.9
55,388,15.52,325.1,166.6
56,388,15.52,736.9,203.1
92,388,15.52,466.1,36.4
138,388,15.52,255.4,96.0
143,388,15.52,173.4,156.0
158,388,15.52,542.0,173.4
10,389,15.56,466.9,51.4
11,389,15.56,569.0,54.1
17,389,15.56,260.0,187.4
55,389,15.56,324.3,166.6
56,389,15.56,736.9,203.2
92,389,15.56,465.9,36.2
138,389,15.56,254.7,98.8
143,389,15.56,173.0,155.5
158,389,15.56,556.9,199.2
10,390,15.6,467.1,51.2
11,390,15.6,568.8,54.2
17,390,15.6,260.1,187.7
55,390,15.6,323.5,166.6
56,390,15.6,736.9,203.2
92,390,15.6,466.1,36.3
138,390,15.6,254.7,99.3
143,390,15.6,172.7,155.2
158,390,15.6,560.3,215.9
10,391,15.64,467.1,51.2
11,391,15.64,568.9,54.0
17,391,15.64,259.9,186.8
55,391,15.64,322.9,166.6
56,391,15.64,736.9,203.2
92,391,15.64,466.3,36.3
138,391,15.64,254.7,100.0
143,391,15.64,173.4,155.5
158,391,15.64,566.5,241.6
10,392,15.68,467.2,49.6
11,392,15.68,569.0,54.1
17,392,15.68,259.3,184.5
55,392,15.68,322.7,166.4
56,392,15.68,737.0,202.9
92,392,15.68,466.7,35.4
138,392,15.68,254.9,99.9
143,392,15.68,173.6,155.3
158,392,15.68,569.4,276.8
10,393,15.72,467.9,48.8
11,393,15.72,569.1,54.2
17,393,15.72,256.5,188.3
55,393,15.72,322.7,166.4
56,393,15.72,737.0,202.4
92,393,15.72,467.3,34.9
138,393,15.72,254.8,100.1
143,393,15.72,175.8,154.8
158,393,15.72,570.3,302.8
10,394,15.76,467.8,48.7
11,394,15.76,569.1,54.6
17,394,15.76,255.7,184.9
55,394,15.76,323.3,165.8
56,394,15.76,736.9,202.7
92,394,15.76,467.0,33.8
138,394,15.76,253.5,100.3
143,394,15.76,177.0,154.7
10,395,15.8,466.9,49.3
11,395,15.8,569.1,54.8
55,395,15.8,323.3,165.0
56,395,15.8,737.0,202.5
92,395,15.8,466.2,34.3
138,395,15.8,253.7,96.7
143,395,15.8,183.5,162.8
10,396,15.84,463.6,49.9
11,396,15.84,569.1,54.7
55,396,15.84,323.8,163.6
56,396,15.84,737.0,202.4
92,396,15.84,463.1,35.3
138,396,15.84,252.6,97.4
143,396,15.84,185.4,164.4
10,397,15.88,463.8,49.7
11,397,15.88,569.2,54.1
55,397,15.88,324.0,162.6
56,397,15.88,737.1,202.5
92,397,15.88,462.7,35.0
138,397,15.88,251.8,97.7
143,397,15.88,185.8,164.6
11,398,15.92,569.2,54.7
55,398,15.92,323.3,162.2
56,398,15.92,737.1,202.5
92,398,15.92,463.3,35.2
138,398,15.92,252.1,97.5
143,398,15.92,183.9,159.3
11,399,15.96,569.1,55.2
17,399,15.96,255.2,189.9
55,399,15.96,322.2,162.2
56,399,15.96,737.0,202.5
92,399,15.96,463.4,35.4
138,399,15.96,252.2,97.8
169,399,15.96,160.1,119.8
11,400,16.0,569.1,55.2
17,400,16.0,246.4,188.5
55,400,16.0,321.3,162.0
56,400,16.0,737.1,202.4
92,400,16.0,463.7,35.3
138,400,16.0,252.5,96.7
143,400,16.0,185.9,155.3
169,400,16.0,161.8,120.7
11,401,16.04,569.2,54.9
17,401,16.04,251.0,189.2
55,401,16.04,321.5,162.0
56,401,16.04,737.1,202.4
92,401,16.04,464.0,35.6
138,401,16.04,253.2,94.7
143,401,16.04,185.4,158.5
169,401,16.04,164.0,123.7
11,402,16.08,569.3,55.4
17,402,16.08,251.7,192.0
55,402,16.08,321.4,162.2
56,402,16.08,737.1,202.4
92,402,16.08,463.8,35.6
138,402,16.08,252.9,95.0
143,402,16.08,177.3,151.8
169,402,16.08,161.9,127.4
11,403,16.12,569.3,55.5
17,403,16.12,253.4,165.8
55,403,16.12,320.9,162.2
56,403,16.12,737.1,202.4
92,403,16.12,463.4,35.4
138,403,16.12,253.3,94.3
143,403,16.12,173.6,152.4
169,403,16.12,165.4,129.1
10,404,16.16,462.5,50.3
11,404,16.16,569.2,56.1
17,404,16.16,254.3,157.6
55,404,16.16,321.4,162.0
56,404,16.16,737.0,202.3
92,404,16.16,462.6,35.6
138,404,16.16,253.4,95.0
143,404,16.16,175.9,153.1
169,404,16.16,166.0,130.8
10,405,16.2,461.3,52.9
11,405,16.2,569.3,56.3
17,405,16.2,253.9,180.3
55,405,16.2,324.6,160.4
56,405,16.2,737.0,202.2
92,405,16.2,460.9,35.4
138,405,16.2,253.8,94.5
143,405,16.2,173.2,154.1
169,405,16.2,166.2,134.2
10,406,16.24,464.3,49.9
11,406,16.24,569.3,56.4
17,406,16.24,255.3,191.8
55,406,16.24,327.4,157.8
56,406,16.24,737.0,202.2
92,406,16.24,463.1,35.6
138,406,16.24,254.1,94.7
143,406,16.24,171.9,154.2
150,406,16.24,336.8,132.6
169,406,16.24,166.6,138.3
10,407,16.28,464.6,49.3
11,407,16.28,569.2,56.8
17,407,16.28,255.3,194.5
55,407,16.28,329.8,157.6
56,407,16.28,737.0,202.4
92,407,16.28,462.8,34.8
138,407,16.28,254.2,95.6
143,407,16.28,171.7,155.5
150,407,16.28,336.8,132.8
10,408,16.32,463.7,49.3
11,408,16.32,569.2,57.2
17,408,16.32,256.0,197.2
55,408,16.32,330.5,157.3
56,408,16.32,737.0,202.4
92,408,16.32,462.3,34.6
138,408,16.32,254.4,96.3
143,408,16.32,175.4,156.1
150,408,16.32,337.0,132.6
10,409,16.36,466.9,48.5
11,409,16.36,569.2,57.3
17,409,16.36,256.1,197.7
55,409,16.36,331.1,157.2
56,409,16.36,737.0,202.5
92,409,16.36,465.1,34.8
138,409,16.36,254.6,95.8
143,409,16.36,172.2,155.9
150,409,16.36,337.0,132.5
10,410,16.4,466.9,48.6
11,410,16.4,569.2,57.4
17,410,16.4,255.5,197.5
56,410,16.4,736.9,202.3
92,410,16.4,465.3,34.6
138,410,16.4,254.7,95.4
143,410,16.4,170.4,153.6
150,410,16.4,337.3,132.2
10,411,16.44,468.4,48.8
11,411,16.44,569.2,57.6
17,411,16.44,255.0,197.2
56,411,16.44,736.9,202.3
92,411,16.44,467.1,34.5
138,411,16.44,254.6,95.2
143,411,16.44,169.7,155.3
150,411,16.44,337.8,131.7
10,412,16.48,468.3,49.0
11,412,16.48,569.1,57.8
17,412,16.48,254.7,197.1
55,412,16.48,331.0,156.8
56,412,16.48,736.9,202.3
92,412,16.48,467.4,34.4
138,412,16.48,254.8,94.8
143,412,16.48,169.5,154.3
150,412,16.48,341.1,127.5
10,413,16.52,469.3,48.5
11,413,16.52,569.1,57.6
17,413,16.52,254.8,193.5
55,413,16.52,330.8,156.2
56,413,16.52,736.9,202.4
92,413,16.52,468.3,34.7
138,413,16.52,253.9,94.7
143,413,16.52,170.6,156.3
11,414,16.56,569.2,56.8
17,414,16.56,254.7,193.6
55,414,16.56,330.4,155.2
56,414,16.56,736.9,202.4
138,414,16.56,253.8,94.2
143,414,16.56,170.7,156.7
11,415,16.6,569.1,57.3
17,415,16.6,253.7,193.9
55,415,16.6,330.1,154.6
56,415,16.6,736.8,202.9
138,415,16.6,253.5,96.1
143,415,16.6,171.6,157.2
11,416,16.64,569.1,57.0
17,416,16.64,254.2,195.3
55,416,16.64,329.5,155.2
56,416,16.64,736.8,203.0
138,416,16.64,254.2,96.7
143,416,16.64,172.2,157.4
11,417,16.68,569.2,56.9
17,417,16.68,254.3,196.7
55,417,16.68,329.2,156.6
56,417,16.68,736.8,203.1
138,417,16.68,254.7,96.5
143,417,16.68,170.8,148.4
181,417,16.68,749.5,505.2
11,418,16.72,569.2,57.2
17,418,16.72,255.0,196.6
55,418,16.72,328.3,158.0
56,418,16.72,736.9,203.1
138,418,16.72,254.9,95.9
143,418,16.72,169.9,145.0
181,418,16.72,749.5,505.5
11,419,16.76,569.2,57.4
17,419,16.76,255.9,196.4
55,419,16.76,327.9,158.7
56,419,16.76,736.8,203.1
92,419,16.76,470.4,35.6
138,419,16.76,255.1,96.6
143,419,16.76,169.8,143.9
181,419,16.76,749.5,505.6
10,420,16.8,469.1,48.7
11,420,16.8,569.2,57.4
17,420,16.8,256.4,196.8
55,420,16.8,328.1,158.1
56,420,16.8,736.8,203.1
92,420,16.8,469.3,34.8
138,420,16.8,255.1,96.8
143,420,16.8,170.0,143.5
181,420,16.8,749.6,505.8
10,421,16.84,472.7,47.8
11,421,16.84,569.2,56.5
17,421,16.84,258.0,197.3
55,421,16.84,328.7,157.1
56,421,16.84,736.7,203.1
92,421,16.84,472.1,33.5
138,421,16.84,254.8,99.3
143,421,16.84,171.4,153.2
150,421,16.84,342.7,125.6
181,421,16.84,752.8,512.8
10,422,16.88,473.9,47.6
11,422,16.88,569.1,56.1
17,422,16.88,258.7,197.5
55,422,16.88,328.9,156.0
56,422,16.88,737.2,203.4
138,422,16.88,254.7,99.5
143,422,16.88,171.2,155.8
150,422,16.88,343.0,124.9
181,422,16.88,753.7,515.2
10,423,16.92,474.4,47.7
11,423,16.92,569.1,55.8
17,423,16.92,259.7,197.4
55,423,16.92,329.1,155.6
56,423,16.92,737.4,203.0
138,423,16.92,254.6,98.9
143,423,16.92,171.3,157.2
150,423,16.92,343.6,123.5
181,423,16.92,753.7,516.4
10,424,16.96,474.6,47.6
11,424,16.96,569.2,55.5
17,424,16.96,260.3,197.1
55,424,16.96,329.2,155.6
56,424,16.96,737.3,202.8
138,424,16.96,254.9,99.3
143,424,16.96,171.8,158.3
150,424,16.96,343.7,123.6
181,424,16.96,753.9,516.8
10,425,17.0,474.8,47.5
11,425,17.0,569.3,55.3
17,425,17.0,260.4,193.6
55,425,17.0,329.4,155.6
56,425,17.0,737.2,202.9
138,425,17.0,254.1,98.4
150,425,17.0,339.6,129.1
181,425,17.0,753.8,516.9
187,425,17.0,398.6,23.2
10,426,17.04,474.7,47.6
11,426,17.04,569.3,55.4
17,426,17.04,261.1,192.2
55,426,17.04,328.7,155.0
56,426,17.04,737.2,202.4
138,426,17.04,253.4,99.2
150,426,17.04,336.5,131.1
181,426,17.04,754.0,516.4
187,426,17.04,398.9,23.3
10,427,17.08,474.7,47.5
11,427,17.08,569.3,55.8
17,427,17.08,260.7,192.0
55,427,17.08,327.1,155.2
56,427,17.08,737.1,203.0
138,427,17.08,253.0,99.9
150,427,17.08,336.9,131.7
181,427,17.08,754.0,516.0
187,427,17.08,398.6,23.3
10,428,17.12,474.7,47.4
11,428,17.12,569.3,56.1
17,428,17.12,261.2,191.5
55,428,17.12,326.4,155.4
56,428,17.12,736.9,203.5
138,428,17.12,252.8,100.2
150,428,17.12,339.2,131.1
181,428,17.12,754.0,516.0
187,428,17.12,398.5,23.3
10,429,17.16,474.7,47.4
11,429,17.16,569.4,56.1
17,429,17.16,261.7,191.8
55,429,17.16,326.1,153.8
56,429,17.16,736.9,203.8
138,429,17.16,252.3,99.4
150,429,17.16,340.8,127.4
181,429,17.16,754.0,516.0
187,429,17.16,398.7,23.3
10,430,17.2,474.6,47.4
11,430,17.2,569.4,56.2
17,430,17.2,260.3,192.5
55,430,17.2,325.1,153.2
56,430,17.2,736.9,204.1
138,430,17.2,252.4,97.7
150,430,17.2,341.3,123.1
181,430,17.2,754.1,515.8
187,430,17.2,398.8,23.3
10,431,17.24,474.5,47.4
11,431,17.24,569.7,56.2
17,431,17.24,259.3,193.8
55,431,17.24,324.9,153.1
56,431,17.24,736.9,204.1
138,431,17.24,251.9,97.9
150,431,17.24,341.2,121.2
181,431,17.24,754.0,515.8
187,431,17.24,399.2,23.3
10,432,17.28,474.5,47.5
11,432,17.28,569.7,56.3
17,432,17.28,260.0,192.2
55,432,17.28,324.5,153.0
56,432,17.28,736.8,204.0
138,432,17.28,251.6,97.9
150,432,17.28,339.9,120.3
181,432,17.28,753.9,516.0
187,432,17.28,399.4,23.3
10,433,17.32,474.5,47.5
11,433,17.32,569.7,56.1
17,433,17.32,260.9,194.6
55,433,17.32,324.4,152.9
56,433,17.32,736.7,203.9
138,433,17.32,251.6,96.4
150,433,17.32,339.9,120.3
181,433,17.32,753.9,516.1
187,433,17.32,399.4,23.2
10,434,17.36,474.2,47.2
11,434,17.36,569.6,56.1
17,434,17.36,260.8,194.8
55,434,17.36,324.4,152.8
56,434,17.36,736.6,203.5
138,434,17.36,251.6,95.6
150,434,17.36,339.8,120.3
181,434,17.36,753.8,516.3
187,434,17.36,398.4,23.4
191,434,17.36,168.8,124.9
10,435,17.4,472.9,47.9
11,435,17.4,569.5,56.2
17,435,17.4,260.7,195.0
55,435,17.4,324.6,152.6
56,435,17.4,736.7,203.4
138,435,17.4,251.5,94.9
150,435,17.4,339.4,120.0
181,435,17.4,753.4,517.0
187,435,17.4,397.1,23.4
191,435,17.4,168.8,124.8
10,436,17.44,471.8,48.0
11,436,17.44,569.7,56.1
17,436,17.44,260.7,194.2
55,436,17.44,324.3,151.7
56,436,17.44,736.9,203.6
138,436,17.44,251.2,95.5
181,436,17.44,750.5,519.5
191,436,17.44,168.6,124.6
10,437,17.48,472.4,48.6
11,437,17.48,569.5,56.2
17,437,17.48,260.7,190.7
55,437,17.48,326.1,151.0
56,437,17.48,737.0,203.6
138,437,17.48,251.0,94.5
181,437,17.48,751.6,518.7
191,437,17.48,168.8,124.8
10,438,17.52,472.2,49.2
11,438,17.52,569.3,56.4
17,438,17.52,260.8,193.1
55,438,17.52,328.0,151.1
56,438,17.52,737.0,203.7
138,438,17.52,250.8,93.5
181,438,17.52,745.3,520.5
191,438,17.52,168.7,124.9
10,439,17.56,472.4,49.4
11,439,17.56,569.3,56.6
17,439,17.56,261.3,194.2
55,439,17.56,331.9,137.6
56,439,17.56,736.7,203.6
138,439,17.56,252.2,95.0
181,439,17.56,743.0,521.9
191,439,17.56,168.6,125.1
10,440,17.6,470.5,40.6
11,440,17.6,569.3,56.4
17,440,17.6,261.0,194.8
55,440,17.6,333.9,132.2
56,440,17.6,736.4,203.8
138,440,17.6,256.1,99.2
181,440,17.6,749.6,517.8
191,440,17.6,168.5,125.3
10,441,17.64,469.3,36.8
11,441,17.64,569.3,56.5
17,441,17.64,260.8,194.2
55,441,17.64,332.5,130.5
56,441,17.64,736.3,203.7
138,441,17.64,252.6,96.2
181,441,17.64,752.7,516.1
191,441,17.64,168.3,124.9
10,442,17.68,468.5,35.6
11,442,17.68,569.3,56.5
17,442,17.68,261.9,194.2
55,442,17.68,330.9,141.2
56,442,17.68,736.2,203.8
138,442,17.68,251.8,95.1
181,442,17.68,753.8,515.5
191,442,17.68,168.4,124.8
10,443,17.72,468.1,35.4
11,443,17.72,569.2,57.0
17,443,17.72,264.8,186.2
55,443,17.72,331.6,141.7
56,443,17.72,736.1,203.9
138,443,17.72,256.2,99.8
181,443,17.72,754.0,515.3
191,443,17.72,168.6,124.9
10,444,17.76,468.0,35.4
11,444,17.76,569.2,56.5
17,444,17.76,261.2,192.0
55,444,17.76,330.9,134.4
56,444,17.76,736.3,204.0
138,444,17.76,257.5,101.2
181,444,17.76,753.9,515.1
191,444,17.76,168.8,125.2
206,444,17.76,641.6,354.5
207,444,17.76,139.9,14.1
10,445,17.8,468.0,35.1
11,445,17.8,569.2,56.7
17,445,17.8,258.9,195.4
55,445,17.8,336.9,133.3
56,445,17.8,736.2,203.9
138,445,17.8,257.8,102.0
181,445,17.8,753.9,515.0
191,445,17.8,169.0,125.5
206,445,17.8,641.6,354.3
207,445,17.8,139.9,14.0
10,446,17.84,468.7,35.2
11,446,17.84,568.0,57.5
17,446,17.84,257.7,197.7
55,446,17.84,344.1,132.9
56,446,17.84,736.2,204.0
138,446,17.84,261.6,100.0
181,446,17.84,753.7,515.4
191,446,17.84,168.8,125.0
206,446,17.84,641.9,354.1
207,446,17.84,139.9,14.0
211,446,17.84,559.8,238.1
212,446,17.84,468.7,52.7
10,447,17.88,468.9,34.8
11,447,17.88,569.0,55.6
17,447,17.88,257.2,200.4
55,447,17.88,350.6,135.4
56,447,17.88,736.2,204.0
138,447,17.88,259.1,101.0
181,447,17.88,753.6,515.5
191,447,17.88,169.5,134.8
206,447,17.88,642.3,354.2
211,447,17.88,554.7,215.2
212,447,17.88,468.5,52.3
10,448,17.92,468.8,34.8
11,448,17.92,566.4,59.0
17,448,17.92,257.2,200.7
55,448,17.92,364.5,136.8
56,448,17.92,736.1,203.9
138,448,17.92,259.2,101.4
181,448,17.92,745.4,521.0
191,448,17.92,169.3,138.4
206,448,17.92,642.1,354.3
211,448,17.92,545.4,188.8
212,448,17.92,468.4,51.2
10,449,17.96,468.7,34.7
11,449,17.96,566.3,53.0
17,449,17.96,255.9,200.9
55,449,17.96,369.4,136.2
56,449,17.96,736.1,204.1
138,449,17.96,264.1,103.5
191,449,17.96,168.6,130.4
206,449,17.96,642.2,354.4
211,449,17.96,534.0,172.6
212,449,17.96,468.2,52.7
10,450,18.0,468.5,34.7
11,450,18.0,566.7,50.6
17,450,18.0,256.7,201.6
55,450,18.0,370.0,135.1
56,450,18.0,736.1,204.0
138,450,18.0,266.0,103.6
191,450,18.0,168.3,126.8
206,450,18.0,642.3,354.4
211,450,18.0,534.3,161.7
212,450,18.0,468.0,52.9
10,451,18.04,468.7,34.8
11,451,18.04,570.5,49.8
17,451,18.04,257.5,201.5
55,451,18.04,370.1,134.6
56,451,18.04,736.1,204.0
138,451,18.04,262.5,104.4
191,451,18.04,167.2,125.5
206,451,18.04,642.4,354.4
211,451,18.04,530.0,146.3
212,451,18.04,468.3,52.6
10,452,18.08,467.8,35.0
11,452,18.08,572.5,50.3
17,452,18.08,256.9,201.9
55,452,18.08,370.5,136.7
56,452,18.08,736.1,203.9
138,452,18.08,263.9,101.5
191,452,18.08,166.6,124.4
206,452,18.08,642.4,354.4
211,452,18.08,519.8,122.4
212,452,18.08,467.2,53.9
10,453,18.12,464.1,34.8
11,453,18.12,569.3,49.6
17,453,18.12,255.8,201.6
55,453,18.12,371.0,136.5
56,453,18.12,736.1,203.9
138,453,18.12,260.0,102.8
191,453,18.12,166.1,123.4
206,453,18.12,642.3,354.5
211,453,18.12,511.1,110.9
212,453,18.12,463.8,55.0
10,454,18.16,460.2,35.0
11,454,18.16,565.5,56.7
17,454,18.16,256.0,201.6
55,454,18.16,374.6,139.5
56,454,18.16,736.1,203.8
191,454,18.16,166.3,135.8
206,454,18.16,642.0,354.5
211,454,18.16,491.4,106.3
212,454,18.16,460.1,57.1
10,455,18.2,463.5,31.0
11,455,18.2,563.7,58.1
17,455,18.2,255.9,202.6
55,455,18.2,374.4,138.1
56,455,18.2,736.1,203.6
191,455,18.2,166.7,139.9
206,455,18.2,642.7,354.3
211,455,18.2,480.0,95.9
10,456,18.24,458.0,23.8
11,456,18.24,563.7,57.8
17,456,18.24,256.2,203.1
55,456,18.24,374.9,136.7
56,456,18.24,736.2,203.6
191,456,18.24,166.6,141.7
206,456,18.24,642.7,354.4
211,456,18.24,469.3,87.9
11,457,18.28,564.0,57.7
17,457,18.28,255.8,203.4
55,457,18.28,375.8,135.8
56,457,18.28,736.1,203.5
191,457,18.28,165.4,151.6
206,457,18.28,642.5,354.5
211,457,18.28,455.0,81.4
217,457,18.28,196.3,98.2
11,458,18.32,564.3,55.5
17,458,18.32,255.5,203.6
55,458,18.32,370.3,134.9
56,458,18.32,736.2,203.7
191,458,18.32,164.1,156.8
206,458,18.32,642.1,354.7
211,458,18.32,444.9,80.5
217,458,18.32,194.2,99.9
11,459,18.36,564.7,54.5
17,459,18.36,255.9,203.4
55,459,18.36,369.7,134.3
56,459,18.36,736.1,203.5
191,459,18.36,162.2,148.5
206,459,18.36,641.8,354.7
211,459,18.36,444.1,79.4
217,459,18.36,194.5,105.5
11,460,18.4,565.1,53.8
17,460,18.4,252.3,202.3
55,460,18.4,375.5,134.4
56,460,18.4,736.1,203.5
191,460,18.4,159.6,138.9
206,460,18.4,641.9,354.7
211,460,18.4,444.8,79.8
217,460,18.4,181.0,106.8
11,461,18.44,565.2,53.9
17,461,18.44,257.3,198.8
55,461,18.44,380.6,135.1
56,461,18.44,736.2,203.6
206,461,18.44,641.9,354.7
211,461,18.44,442.7,81.0
11,462,18.48,565.4,53.9
17,462,18.48,259.9,195.3
55,462,18.48,382.2,135.4
56,462,18.48,736.2,203.6
206,462,18.48,641.7,354.3
211,462,18.48,447.4,79.3
11,463,18.52,565.6,53.2
17,463,18.52,261.2,196.1
55,463,18.52,380.7,136.5
56,463,18.52,736.2,203.7
206,463,18.52,641.8,354.2
211,463,18.52,453.8,78.6
11,464,18.56,565.2,54.1
17,464,18.56,261.9,196.6
55,464,18.56,379.3,137.7
56,464,18.56,736.2,204.0
206,464,18.56,641.8,354.2
211,464,18.56,464.7,79.8
11,465,18.6,565.8,55.4
17,465,18.6,261.3,197.6
55,465,18.6,377.2,138.4
56,465,18.6,736.2,204.0
206,465,18.6,641.7,354.2
211,465,18.6,479.1,79.4
217,465,18.6,164.7,120.2
11,466,18.64,568.1,52.6
17,466,18.64,262.1,196.1
55,466,18.64,376.0,139.3
56,466,18.64,736.2,204.1
206,466,18.64,641.6,354.1
211,466,18.64,488.6,90.6
217,466,18.64,163.9,120.6
11,467,18.68,569.9,51.5
17,467,18.68,261.8,196.4
55,467,18.68,375.1,140.3
56,467,18.68,736.2,204.1
206,467,18.68,641.6,354.1
211,467,18.68,494.8,102.5
217,467,18.68,163.0,122.3
11,468,18.72,570.5,51.9
17,468,18.72,262.2,196.0
55,468,18.72,374.0,141.8
56,468,18.72,736.3,204.2
206,468,18.72,641.5,354.2
211,468,18.72,502.5,114.4
217,468,18.72,162.8,123.0
225,468,18.72,464.5,35.0
11,469,18.76,570.9,62.7
17,469,18.76,261.9,196.0
55,469,18.76,372.8,143.5
56,469,18.76,736.3,204.2
206,469,18.76,641.5,354.4
211,469,18.76,509.1,121.2
217,469,18.76,162.9,123.0
225,469,18.76,466.4,35.4
11,470,18.8,572.9,55.5
17,470,18.8,262.0,197.9
55,470,18.8,375.1,144.2
56,470,18.8,736.2,204.3
206,470,18.8,641.5,354.2
211,470,18.8,515.5,127.5
217,470,18.8,163.4,124.2
225,470,18.8,467.2,35.9
11,471,18.84,568.6,52.5
17,471,18.84,261.4,199.3
55,471,18.84,377.6,144.9
56,471,18.84,736.3,204.2
206,471,18.84,641.5,354.2
211,471,18.84,522.1,143.7
217,471,18.84,163.1,123.8
225,471,18.84,468.7,50.5
11,472,18.88,567.3,50.8
17,472,18.88,262.1,199.7
55,472,18.88,378.7,144.5
56,472,18.88,736.3,204.2
206,472,18.88,641.4,354.1
211,472,18.88,526.1,155.2
217,472,18.88,163.0,123.9
225,472,18.88,468.5,52.2
11,473,18.92,565.8,54.4
17,473,18.92,262.0,199.0
55,473,18.92,379.1,145.3
56,473,18.92,736.3,204.1
206,473,18.92,641.4,354.2
211,473,18.92,536.2,177.4
217,473,18.92,163.0,123.8
225,473,18.92,468.3,51.6
11,474,18.96,565.7,53.5
17,474,18.96,261.0,198.1
55,474,18.96,379.3,145.9
56,474,18.96,736.2,204.2
206,474,18.96,641.5,354.0
211,474,18.96,543.6,195.4
217,474,18.96,163.1,123.8
225,474,18.96,468.3,51.6
231,474,18.96,239.6,197.3
232,474,18.96,468.1,35.8
11,475,19.0,565.5,53.9
17,475,19.0,260.4,197.3
55,475,19.0,379.1,144.8
56,475,19.0,736.2,204.3
206,475,19.0,641.6,354.0
211,475,19.0,550.0,231.7
217,475,19.0,163.2,123.9
225,475,19.0,468.4,50.9
231,475,19.0,240.2,196.9
232,475,19.0,468.0,35.7
11,476,19.04,565.3,54.6
17,476,19.04,258.4,198.1
55,476,19.04,377.9,144.7
56,476,19.04,736.4,204.0
206,476,19.04,641.5,354.2
217,476,19.04,165.5,136.4
225,476,19.04,468.1,50.9
232,476,19.04,467.9,35.6
11,477,19.08,565.3,55.1
17,477,19.08,258.7,198.2
55,477,19.08,377.0,140.8
56,477,19.08,736.4,204.0
206,477,19.08,641.3,354.5
211,477,19.08,555.8,278.4
225,477,19.08,468.2,50.5
231,477,19.08,239.5,197.8
232,477,19.08,467.7,35.6
11,478,19.12,565.2,55.9
17,478,19.12,259.3,198.4
55,478,19.12,370.5,142.1
56,478,19.12,736.4,204.1
206,478,19.12,641.4,354.5
225,478,19.12,468.3,50.2
231,478,19.12,237.2,198.5
232,478,19.12,467.5,35.6
11,479,19.16,565.0,55.6
17,479,19.16,259.1,198.2
55,479,19.16,367.3,142.0
56,479,19.16,736.4,204.0
206,479,19.16,641.2,354.5
225,479,19.16,468.9,50.9
231,479,19.16,236.4,198.2
232,479,19.16,467.6,35.2
11,480,19.2,564.9,55.6
17,480,19.2,253.5,198.0
55,480,19.2,365.6,141.0
56,480,19.2,736.6,203.7
206,480,19.2,630.5,354.5
225,480,19.2,469.2,51.2
232,480,19.2,467.7,34.7
11,481,19.24,563.9,57.5
17,481,19.24,256.6,199.0
55,481,19.24,366.1,138.6
56,481,19.24,736.5,203.9
225,481,19.24,469.3,52.4
231,481,19.24,235.3,199.4
232,481,19.24,468.2,34.4
237,481,19.24,246.4,272.8
11,482,19.28,563.6,58.2
17,482,19.28,258.0,198.5
55,482,19.28,367.9,138.1
56,482,19.28,736.5,204.1
225,482,19.28,469.2,52.7
231,482,19.28,235.1,198.7
232,482,19.28,469.1,35.0
237,482,19.28,246.3,272.8
11,483,19.32,563.7,58.7
17,483,19.32,258.5,198.0
55,483,19.32,370.9,138.3
56,483,19.32,736.6,203.9
225,483,19.32,469.2,53.4
231,483,19.32,235.5,198.2
232,483,19.32,468.8,34.5
237,483,19.32,246.4,272.7
11,484,19.36,563.6,58.9
55,484,19.36,373.2,139.1
56,484,19.36,736.6,204.0
225,484,19.36,468.3,53.1
231,484,19.36,240.1,197.7
232,484,19.36,467.8,34.6
237,484,19.36,246.5,272.6
11,485,19.4,564.2,58.8
17,485,19.4,256.4,199.9
55,485,19.4,373.8,139.4
56,485,19.4,736.5,204.0
225,485,19.4,467.4,52.2
231,485,19.4,236.8,198.6
232,485,19.4,466.9,34.6
237,485,19.4,246.4,272.4
241,485,19.4,167.3,125.4
11,486,19.44,564.3,58.7
17,486,19.44,252.5,199.5
55,486,19.44,373.2,139.4
56,486,19.44,736.5,204.0
225,486,19.44,467.1,52.0
232,486,19.44,466.7,34.6
237,486,19.44,246.3,272.5
241,486,19.44,167.7,138.2
11,487,19.48,564.1,58.7
17,487,19.48,253.2,196.7
55,487,19.48,371.3,139.4
56,487,19.48,736.5,204.0
225,487,19.48,467.0,51.8
232,487,19.48,466.9,34.4
237,487,19.48,246.3,272.5
241,487,19.48,168.9,142.9
11,488,19.52,564.7,57.9
17,488,19.52,254.9,196.4
55,488,19.52,364.5,139.5
56,488,19.52,736.5,204.0
225,488,19.52,467.2,51.0
231,488,19.52,236.0,196.9
232,488,19.52,466.1,34.5
237,488,19.52,246.2,272.4
241,488,19.52,169.2,144.3
11,489,19.56,565.0,58.0
17,489,19.56,257.4,194.1
55,489,19.56,358.1,139.0
56,489,19.56,736.5,204.0
225,489,19.56,467.7,50.6
231,489,19.56,237.1,194.4
232,489,19.56,466.0,34.5
237,489,19.56,246.6,272.2
241,489,19.56,168.3,144.4
11,490,19.6,565.2,57.5
17,490,19.6,258.4,192.4
55,490,19.6,351.7,138.6
56,490,19.6,736.5,204.1
225,490,19.6,467.9,50.2
231,490,19.6,237.1,192.8
232,490,19.6,466.2,34.4
237,490,19.6,246.7,272.5
241,490,19.6,167.9,144.4
11,491,19.64,564.2,57.0
17,491,19.64,258.0,191.7
55,491,19.64,349.6,138.3
56,491,19.64,736.5,204.1
225,491,19.64,467.5,50.4
232,491,19.64,466.6,34.9
237,491,19.64,246.5,272.6
241,491,19.64,167.6,143.9
11,492,19.68,563.9,56.9
17,492,19.68,256.4,192.8
55,492,19.68,350.1,137.9
56,492,19.68,736.5,204.1
225,492,19.68,467.5,50.1
232,492,19.68,466.6,35.1
237,492,19.68,246.5,272.1
241,492,19.68,167.3,143.4
11,493,19.72,563.7,56.8
17,493,19.72,256.1,197.9
55,493,19.72,351.2,137.7
56,493,19.72,736.5,204.0
225,493,19.72,467.2,50.1
232,493,19.72,466.2,34.7
237,493,19.72,246.5,272.6
241,493,19.72,167.2,143.0
11,494,19.76,563.7,56.8
17,494,19.76,255.5,199.6
55,494,19.76,353.1,137.0
56,494,19.76,736.6,203.8
225,494,19.76,466.6,50.1
232,494,19.76,466.3,34.3
237,494,19.76,246.3,272.5
241,494,19.76,168.1,142.8
11,495,19.8,563.8,57.0
17,495,19.8,255.5,198.8
55,495,19.8,354.2,136.8
56,495,19.8,736.7,203.6
225,495,19.8,465.5,49.9
232,495,19.8,465.1,34.5
241,495,19.8,168.4,142.7
11,496,19.84,564.0,56.8
17,496,19.84,254.8,199.9
55,496,19.84,356.0,137.3
56,496,19.84,736.7,203.5
225,496,19.84,463.6,49.7
232,496,19.84,463.1,34.6
241,496,19.84,168.3,142.3
11,497,19.88,563.9,56.6
55,497,19.88,361.4,137.7
56,497,19.88,736.7,203.6
225,497,19.88,464.5,49.6
232,497,19.88,464.0,34.8
241,497,19.88,167.7,142.3
11,498,19.92,564.0,56.3
17,498,19.92,254.8,201.4
55,498,19.92,366.5,137.6
56,498,19.92,736.7,203.7
225,498,19.92,466.2,49.8
232,498,19.92,465.7,34.8
241,498,19.92,168.0,141.9
11,499,19.96,564.1,56.2
55,499,19.96,369.1,137.1
56,499,19.96,736.7,203.7
225,499,19.96,466.6,49.4
232,499,19.96,465.8,34.8
241,499,19.96,167.7,141.3
11,500,20.0,564.1,56.4
17,500,20.0,255.2,201.9
55,500,20.0,369.4,136.6
56,500,20.0,736.6,203.9
225,500,20.0,465.6,49.1
232,500,20.0,465.1,34.8
241,500,20.0,167.6,141.2
11,501,20.04,563.9,56.8
17,501,20.04,261.0,190.2
55,501,20.04,366.9,135.6
56,501,20.04,736.8,204.5
225,501,20.04,466.2,49.0
232,501,20.04,465.1,35.1
241,501,20.04,167.8,140.7
11,502,20.08,563.8,56.3
17,502,20.08,257.9,198.1
55,502,20.08,366.3,135.8
56,502,20.08,736.9,204.7
225,502,20.08,469.2,48.8
232,502,20.08,465.8,35.5
241,502,20.08,167.9,140.6
11,503,20.12,563.9,55.6
17,503,20.12,256.7,200.5
55,503,20.12,364.1,135.4
56,503,20.12,736.9,205.0
225,503,20.12,470.2,48.6
232,503,20.12,466.5,35.6
241,503,20.12,168.0,140.8
11,504,20.16,563.9,55.2
17,504,20.16,255.4,202.1
55,504,20.16,363.5,136.8
56,504,20.16,736.7,205.0
225,504,20.16,469.9,49.3
232,504,20.16,466.8,35.8
241,504,20.16,168.1,140.7
250,504,20.16,509.5,657.5
11,505,20.2,564.0,55.8
17,505,20.2,253.6,204.6
55,505,20.2,364.9,137.2
225,505,20.2,469.5,49.4
232,505,20.2,466.7,35.4
241,505,20.2,167.9,140.4
250,505,20.2,510.3,646.9
11,506,20.24,563.9,55.5
17,506,20.24,253.0,204.8
55,506,20.24,364.4,136.6
225,506,20.24,469.2,49.1
232,506,20.24,464.8,35.4
241,506,20.24,167.7,140.3
250,506,20.24,508.8,635.9
11,507,20.28,563.8,55.4
17,507,20.28,254.0,203.3
55,507,20.28,365.3,136.3
225,507,20.28,469.1,48.8
232,507,20.28,465.1,35.3
241,507,20.28,167.7,140.3
11,508,20.32,563.8,55.5
17,508,20.32,253.2,203.4
55,508,20.32,365.6,135.9
225,508,20.32,468.4,48.8
232,508,20.32,463.0,35.2
241,508,20.32,167.7,140.2
11,509,20.36,564.0,54.9
17,509,20.36,252.9,204.1
55,509,20.36,366.9,134.5
56,509,20.36,736.6,204.2
225,509,20.36,464.8,49.6
232,509,20.36,462.4,35.3
241,509,20.36,167.6,140.1
11,510,20.4,564.2,55.0
17,510,20.4,252.6,204.5
55,510,20.4,367.7,133.7
56,510,20.4,736.5,204.4
225,510,20.4,467.7,54.5
232,510,20.4,462.0,35.3
241,510,20.4,167.7,140.1
11,511,20.44,564.4,54.6
17,511,20.44,253.0,204.0
55,511,20.44,369.4,133.5
56,511,20.44,736.5,204.7
225,511,20.44,464.5,52.6
232,511,20.44,461.8,35.4
241,511,20.44,167.8,140.0
11,512,20.48,564.4,55.0
17,512,20.48,253.9,203.5
55,512,20.48,372.3,133.5
56,512,20.48,736.5,204.6
225,512,20.48,463.1,51.5
232,512,20.48,461.8,35.5
241,512,20.48,167.7,139.8
11,513,20.52,564.2,55.9
17,513,20.52,253.7,204.0
55,513,20.52,372.2,133.5
56,513,20.52,736.5,204.6
225,513,20.52,463.1,50.9
232,513,20.52,461.8,35.6
241,513,20.52,168.0,139.6
11,514,20.56,564.2,55.8
17,514,20.56,253.3,204.9
55,514,20.56,372.1,133.3
56,514,20.56,736.5,204.7
225,514,20.56,467.4,54.5
232,514,20.56,461.8,35.6
241,514,20.56,168.1,139.1
11,515,20.6,564.5,55.2
17,515,20.6,254.0,204.7
55,515,20.6,371.1,133.1
56,515,20.6,736.5,204.7
225,515,20.6,469.7,55.2
232,515,20.6,467.3,35.7
241,515,20.6,168.1,139.2
11,516,20.64,564.7,54.8
17,516,20.64,255.2,203.5
55,516,20.64,371.3,133.1
56,516,20.64,736.5,204.6
225,516,20.64,470.7,55.8
232,516,20.64,469.4,35.8
241,516,20.64,168.1,140.0
11,517,20.68,564.5,55.6
17,517,20.68,255.4,202.7
55,517,20.68,370.4,133.2
56,517,20.68,736.4,204.8
225,517,20.68,470.7,51.6
232,517,20.68,470.3,35.2
241,517,20.68,168.2,140.7
255,517,20.68,638.8,353.1
11,518,20.72,564.5,55.5
17,518,20.72,255.6,202.3
55,518,20.72,369.5,133.2
56,518,20.72,736.3,204.9
225,518,20.72,470.9,53.7
232,518,20.72,470.1,35.5
241,518,20.72,168.2,141.2
11,519,20.76,564.4,55.4
17,519,20.76,255.2,202.3
55,519,20.76,370.2,133.2
56,519,20.76,736.3,205.0
225,519,20.76,471.0,55.3
232,519,20.76,470.4,35.7
241,519,20.76,168.6,141.7
11,520,20.8,564.2,55.4
17,520,20.8,255.8,202.2
55,520,20.8,370.5,133.3
56,520,20.8,736.3,205.1
225,520,20.8,471.1,55.0
232,520,20.8,470.7,35.9
241,520,20.8,169.0,141.9
11,521,20.84,564.2,55.3
17,521,20.84,255.9,202.0
55,521,20.84,371.0,133.5
56,521,20.84,736.4,205.2
225,521,20.84,471.2,54.0
232,521,20.84,470.9,36.1
241,521,20.84,168.9,141.9
11,522,20.88,564.2,55.2
17,522,20.88,255.2,203.9
55,522,20.88,371.2,133.6
56,522,20.88,736.4,205.4
225,522,20.88,471.1,53.3
232,522,20.88,471.1,36.2
241,522,20.88,168.7,141.9
11,523,20.92,564.1,55.1
17,523,20.92,255.2,202.4
55,523,20.92,371.6,133.4
56,523,20.92,736.3,205.7
225,523,20.92,470.8,53.0
232,523,20.92,470.8,36.3
241,523,20.92,168.2,141.8
255,523,20.92,638.9,356.3
11,524,20.96,564.1,54.9
17,524,20.96,255.1,201.8
55,524,20.96,370.6,133.2
56,524,20.96,736.3,205.7
225,524,20.96,470.7,50.0
232,524,20.96,470.5,35.4
241,524,20.96,168.5,141.5
255,524,20.96,638.7,355.5
261,524,20.96,562.4,224.5
11,525,21.0,564.2,55.4
17,525,21.0,255.0,201.0
55,525,21.0,370.8,133.2
56,525,21.0,736.3,205.7
225,525,21.0,470.4,48.6
232,525,21.0,469.7,34.9
241,525,21.0,167.7,141.1
255,525,21.0,638.8,356.5
261,525,21.0,559.5,213.3
11,526,21.04,564.2,55.6
17,526,21.04,254.3,201.2
55,526,21.04,370.8,133.3
56,526,21.04,736.4,205.7
225,526,21.04,469.3,53.2
232,526,21.04,465.4,35.5
241,526,21.04,165.8,140.0
261,526,21.04,565.2,195.5
11,527,21.08,564.4,54.6
17,527,21.08,254.4,201.0
55,527,21.08,370.6,133.4
56,527,21.08,736.3,205.6
225,527,21.08,469.7,49.9
232,527,21.08,467.4,35.8
241,527,21.08,165.7,139.7
261,527,21.08,568.5,174.4
11,528,21.12,564.7,53.4
17,528,21.12,255.0,201.3
55,528,21.12,369.9,133.4
56,528,21.12,736.3,205.6
225,528,21.12,469.5,52.4
232,528,21.12,464.5,35.5
241,528,21.12,165.9,130.1
261,528,21.12,575.4,153.8
11,529,21.16,564.6,52.9
17,529,21.16,255.4,201.4
55,529,21.16,370.7,133.9
56,529,21.16,736.2,205.5
225,529,21.16,469.8,49.8
232,529,21.16,466.0,35.5
241,529,21.16,164.2,126.0
261,529,21.16,579.3,145.6
11,530,21.2,562.1,51.9
17,530,21.2,255.5,201.9
55,530,21.2,369.8,133.5
56,530,21.2,736.2,205.6
225,530,21.2,469.1,54.4
232,530,21.2,463.7,35.5
261,530,21.2,581.9,137.4
11,531,21.24,562.7,51.5
17,531,21.24,255.3,202.1
55,531,21.24,369.6,134.0
56,531,21.24,736.2,205.5
225,531,21.24,466.0,51.5
232,531,21.24,462.8,36.1
261,531,21.24,583.2,133.6
11,532,21.28,564.3,52.1
17,532,21.28,254.5,202.4
55,532,21.28,369.0,133.5
56,532,21.28,736.2,205.5
225,532,21.28,464.4,50.3
232,532,21.28,462.1,35.1
261,532,21.28,590.5,115.8
11,533,21.32,563.1,54.0
17,533,21.32,255.0,202.3
55,533,21.32,367.1,133.7
56,533,21.32,736.3,205.4
225,533,21.32,468.0,49.3
232,533,21.32,462.1,39.8
261,533,21.32,586.7,99.4
11,534,21.36,563.8,55.1
17,534,21.36,255.3,202.2
55,534,21.36,367.0,133.9
56,534,21.36,736.3,205.4
225,534,21.36,469.2,49.2
232,534,21.36,463.2,37.9
261,534,21.36,603.5,101.3
11,535,21.4,564.2,54.9
17,535,21.4,255.5,202.3
55,535,21.4,368.4,134.0
56,535,21.4,736.4,205.2
225,535,21.4,469.9,48.8
232,535,21.4,467.3,35.8
261,535,21.4,613.7,103.6
11,536,21.44,564.3,54.7
17,536,21.44,255.5,202.6
55,536,21.44,368.9,133.9
56,536,21.44,736.3,205.1
225,536,21.44,470.1,48.6
232,536,21.44,468.5,35.0
261,536,21.44,634.4,108.4
11,537,21.48,564.2,55.1
17,537,21.48,255.5,202.6
55,537,21.48,368.6,133.6
56,537,21.48,736.3,204.9
225,537,21.48,470.2,48.6
232,537,21.48,469.3,34.7
261,537,21.48,649.0,109.4
11,538,21.52,564.2,55.3
17,538,21.52,255.5,202.3
55,538,21.52,369.1,133.6
56,538,21.52,736.4,205.3
225,538,21.52,470.1,48.6
232,538,21.52,468.9,34.6
261,538,21.52,654.8,108.2
11,539,21.56,564.3,54.7
17,539,21.56,254.9,202.8
55,539,21.56,368.7,133.9
56,539,21.56,736.6,205.3
225,539,21.56,470.2,48.5
232,539,21.56,469.3,34.6
261,539,21.56,657.6,106.6
11,540,21.6,564.0,54.7
17,540,21.6,255.6,202.6
55,540,21.6,368.2,133.9
56,540,21.6,736.6,205.5
225,540,21.6,470.2,48.5
232,540,21.6,469.2,34.6
261,540,21.6,671.0,102.6
11,541,21.64,563.4,55.2
17,541,21.64,255.7,202.9
55,541,21.64,367.9,133.1
56,541,21.64,736.5,204.6
225,541,21.64,470.9,53.3
232,541,21.64,470.5,35.5
261,541,21.64,677.2,96.2
11,542,21.68,563.1,55.4
17,542,21.68,255.6,203.2
55,542,21.68,366.1,132.9
56,542,21.68,736.2,203.9
225,542,21.68,471.1,55.7
232,542,21.68,470.7,35.7
261,542,21.68,678.2,94.2
11,543,21.72,562.8,55.4
17,543,21.72,255.1,203.3
55,543,21.72,366.0,133.0
56,543,21.72,736.2,203.9
225,543,21.72,471.0,54.8
232,543,21.72,470.0,35.9
255,543,21.72,640.9,353.5
261,543,21.72,678.3,86.7
11,544,21.76,564.2,55.6
17,544,21.76,254.8,203.4
55,544,21.76,361.9,132.7
56,544,21.76,736.2,203.7
225,544,21.76,467.2,50.8
232,544,21.76,465.4,35.7
255,544,21.76,641.0,353.5
261,544,21.76,676.1,90.0
11,545,21.8,565.1,55.7
17,545,21.8,254.4,203.6
55,545,21.8,360.6,132.8
56,545,21.8,736.1,203.7
225,545,21.8,465.2,53.0
232,545,21.8,463.7,35.8
255,545,21.8,640.9,353.7
261,545,21.8,674.0,92.5
11,546,21.84,565.6,56.5
17,546,21.84,253.9,203.6
55,546,21.84,364.3,132.9
56,546,21.84,736.1,203.8
225,546,21.84,463.8,51.3
232,546,21.84,463.3,35.8
255,546,21.84,640.9,353.6
261,546,21.84,672.9,89.9
11,547,21.88,566.3,56.4
17,547,21.88,253.1,203.7
55,547,21.88,364.0,133.0
56,547,21.88,736.0,203.8
225,547,21.88,463.9,50.0
232,547,21.88,463.4,35.2
255,547,21.88,641.0,353.8
261,547,21.88,663.7,94.5
11,548,21.92,566.8,56.7
17,548,21.92,252.0,203.9
55,548,21.92,361.1,133.1
56,548,21.92,735.9,203.5
225,548,21.92,464.1,49.7
232,548,21.92,463.9,35.0
255,548,21.92,641.0,354.0
261,548,21.92,668.3,90.2
11,549,21.96,567.2,56.2
17,549,21.96,252.4,204.2
55,549,21.96,359.9,133.0
56,549,21.96,735.9,203.4
225,549,21.96,463.6,52.3
232,549,21.96,463.7,35.3
255,549,21.96,641.0,354.1
261,549,21.96,647.3,94.1
11,550,22.0,567.2,57.5
17,550,22.0,251.3,204.2
55,550,22.0,359.7,133.0
56,550,22.0,735.8,203.5
225,550,22.0,464.2,51.2
232,550,22.0,464.2,35.4
255,550,22.0,641.0,354.4
261,550,22.0,643.5,88.4
11,551,22.04,566.6,57.6
17,551,22.04,252.5,203.0
55,551,22.04,359.7,132.9
56,551,22.04,735.5,203.5
225,551,22.04,464.6,50.5
232,551,22.04,464.4,35.6
255,551,22.04,640.9,354.2
261,551,22.04,620.6,89.5
11,552,22.08,562.6,57.6
17,552,22.08,253.8,203.5
55,552,22.08,360.7,132.9
56,552,22.08,735.5,203.4
225,552,22.08,464.1,50.5
232,552,22.08,464.2,35.8
255,552,22.08,640.8,354.4
261,552,22.08,605.4,90.4
17,553,22.12,255.2,203.9
55,553,22.12,362.0,134.3
56,553,22.12,735.2,203.3
225,553,22.12,464.0,50.2
232,553,22.12,464.2,35.8
255,553,22.12,640.8,354.6
261,553,22.12,588.2,101.9
270,553,22.12,179.7,153.4
17,554,22.16,254.0,206.3
55,554,22.16,362.8,135.0
56,554,22.16,735.1,203.6
225,554,22.16,463.7,50.6
232,554,22.16,463.9,36.0
255,554,22.16,640.6,354.5
261,554,22.16,574.4,113.1
270,554,22.16,177.4,152.9
11,555,22.2,556.8,60.4
17,555,22.2,253.6,206.3
55,555,22.2,362.8,134.7
56,555,22.2,734.8,203.7
225,555,22.2,463.7,51.0
232,555,22.2,463.9,36.1
261,555,22.2,568.5,117.0
270,555,22.2,176.2,153.4
11,556,22.24,554.5,59.5
17,556,22.24,250.4,206.8
55,556,22.24,362.2,134.0
56,556,22.24,734.8,203.7
225,556,22.24,463.7,55.3
232,556,22.24,463.9,36.7
261,556,22.24,560.0,120.8
270,556,22.24,177.9,154.2
17,557,22.28,251.3,208.4
55,557,22.28,360.6,133.3
56,557,22.28,735.0,203.8
225,557,22.28,463.8,57.6
232,557,22.28,463.8,37.4
261,557,22.28,551.7,140.6
270,557,22.28,177.3,155.9
11,558,22.32,563.3,52.7
17,558,22.32,251.8,209.1
55,558,22.32,359.8,133.4
56,558,22.32,735.0,203.9
225,558,22.32,464.1,51.1
261,558,22.32,546.7,155.6
270,558,22.32,177.3,156.9
11,559,22.36,565.5,51.0
17,559,22.36,251.1,209.6
55,559,22.36,359.6,133.4
56,559,22.36,735.1,204.0
225,559,22.36,464.2,46.8
261,559,22.36,543.2,167.9
270,559,22.36,176.2,157.4
11,560,22.4,566.2,51.7
17,560,22.4,250.6,209.8
55,560,22.4,359.6,134.1
56,560,22.4,735.2,204.2
225,560,22.4,464.3,40.9
261,560,22.4,541.7,182.6
270,560,22.4,177.9,157.8
11,561,22.44,566.6,53.2
17,561,22.44,251.3,210.1
55,561,22.44,362.2,134.2
56,561,22.44,735.4,204.0
225,561,22.44,464.7,45.2
261,561,22.44,543.1,216.8
270,561,22.44,178.7,157.6
11,562,22.48,566.9,53.5
17,562,22.48,251.0,210.1
55,562,22.48,363.8,134.4
56,562,22.48,735.4,203.9
225,562,22.48,465.2,46.8
261,562,22.48,542.0,238.0
270,562,22.48,178.8,157.3
272,562,22.48,658.9,33.3
11,563,22.52,566.5,54.1
17,563,22.52,252.7,207.9
55,563,22.52,367.4,133.7
56,563,22.52,735.7,204.1
225,563,22.52,465.9,47.4
261,563,22.52,547.6,252.6
270,563,22.52,179.2,157.7
11,564,22.56,566.4,54.1
17,564,22.56,253.2,207.9
55,564,22.56,366.4,133.8
56,564,22.56,736.1,204.0
225,564,22.56,466.8,47.6
270,564,22.56,179.4,157.8
11,565,22.6,566.3,54.2
17,565,22.6,253.2,208.9
55,565,22.6,366.4,133.9
56,565,22.6,736.5,203.6
225,565,22.6,467.1,47.5
270,565,22.6,179.1,158.0
11,566,22.64,566.0,54.5
17,566,22.64,253.5,209.3
55,566,22.64,368.1,133.5
56,566,22.64,737.2,202.9
225,566,22.64,467.6,47.5
270,566,22.64,178.3,158.1
11,567,22.68,566.1,54.3
17,567,22.68,253.5,209.5
55,567,22.68,366.5,133.2
56,567,22.68,737.7,201.0
225,567,22.68,467.4,47.5
270,567,22.68,178.2,158.1
11,568,22.72,565.9,53.8
17,568,22.72,253.2,209.3
55,568,22.72,366.2,133.2
56,568,22.72,738.1,201.7
225,568,22.72,468.9,47.6
270,568,22.72,177.6,158.0
11,569,22.76,565.8,55.0
17,569,22.76,252.5,209.2
55,569,22.76,367.5,133.1
56,569,22.76,738.0,201.6
225,569,22.76,469.6,48.1
270,569,22.76,177.9,158.2
11,570,22.8,565.8,55.3
17,570,22.8,252.0,209.2
55,570,22.8,367.2,133.2
56,570,22.8,737.8,201.7
225,570,22.8,468.6,48.6
270,570,22.8,177.7,158.4
11,571,22.84,566.0,55.9
17,571,22.84,251.9,209.6
55,571,22.84,366.2,133.1
56,571,22.84,737.4,201.2
225,571,22.84,469.3,48.7
270,571,22.84,177.6,158.5
11,572,22.88,566.2,56.1
17,572,22.88,251.7,209.7
55,572,22.88,365.6,133.1
56,572,22.88,737.5,199.6
225,572,22.88,470.9,48.6
270,572,22.88,178.0,158.3
11,573,22.92,566.4,55.8
17,573,22.92,251.5,209.5
55,573,22.92,365.3,133.1
56,573,22.92,737.6,198.6
225,573,22.92,470.9,48.6
270,573,22.92,178.2,158.4
11,574,22.96,566.7,55.8
17,574,22.96,250.7,209.3
55,574,22.96,365.5,133.4
56,574,22.96,737.5,199.8
225,574,22.96,468.4,48.4
270,574,22.96,178.5,157.9
11,575,23.0,566.6,55.8
17,575,23.0,251.2,207.9
55,575,23.0,367.2,135.8
56,575,23.0,737.6,198.8
225,575,23.0,468.3,48.4
270,575,23.0,177.1,158.1
11,576,23.04,566.4,56.0
17,576,23.04,252.7,205.6
55,576,23.04,367.3,135.1
56,576,23.04,737.3,200.4
225,576,23.04,468.1,48.4
270,576,23.04,177.3,157.9
11,577,23.08,566.3,56.1
17,577,23.08,251.9,207.0
55,577,23.08,365.5,134.7
56,577,23.08,737.1,201.6
225,577,23.08,469.0,48.3
270,577,23.08,174.8,157.8
11,578,23.12,566.3,55.9
17,578,23.12,252.2,207.4
55,578,23.12,364.1,134.6
56,578,23.12,736.1,201.8
225,578,23.12,469.3,48.2
270,578,23.12,174.0,157.5
11,579,23.16,566.3,56.4
17,579,23.16,252.2,208.4
55,579,23.16,363.1,134.6
56,579,23.16,734.4,202.0
225,579,23.16,468.8,48.4
270,579,23.16,174.0,157.7
11,580,23.2,566.4,56.4
17,580,23.2,252.2,208.2
55,580,23.2,363.0,135.6
56,580,23.2,732.4,198.6
225,580,23.2,468.5,48.5
270,580,23.2,173.8,157.6
11,581,23.24,566.3,56.6
17,581,23.24,251.7,208.7
55,581,23.24,362.9,135.5
56,581,23.24,731.6,197.5
225,581,23.24,468.6,48.5
270,581,23.24,174.0,157.7
11,582,23.28,566.5,56.1
17,582,23.28,248.7,206.8
55,582,23.28,363.1,135.3
56,582,23.28,733.0,197.0
225,582,23.28,469.9,48.6
270,582,23.28,172.2,157.7
11,583,23.32,566.2,57.5
17,583,23.32,247.7,206.5
55,583,23.32,362.9,135.1
56,583,23.32,733.7,198.2
225,583,23.32,470.4,48.6
11,584,23.36,566.3,56.7
17,584,23.36,248.7,206.6
55,584,23.36,362.9,136.0
56,584,23.36,732.8,198.9
225,584,23.36,470.6,48.7
11,585,23.4,566.2,56.6
17,585,23.4,250.6,208.1
55,585,23.4,362.8,135.6
56,585,23.4,733.0,200.6
225,585,23.4,470.7,48.6
11,586,23.44,566.2,56.6
17,586,23.44,251.5,208.8
55,586,23.44,362.5,135.5
56,586,23.44,732.8,202.4
225,586,23.44,471.2,48.6
11,587,23.48,566.2,56.6
17,587,23.48,252.3,208.9
55,587,23.48,362.8,134.8
56,587,23.48,733.9,203.2
225,587,23.48,469.5,48.5
270,587,23.48,162.8,128.4
11,588,23.52,566.1,56.7
17,588,23.52,252.1,208.8
55,588,23.52,363.6,136.8
56,588,23.52,734.2,202.5
225,588,23.52,468.8,48.5
270,588,23.52,164.7,111.5
11,589,23.56,566.1,56.7
17,589,23.56,251.2,207.7
55,589,23.56,363.9,136.1
56,589,23.56,733.4,201.7
225,589,23.56,468.5,48.5
270,589,23.56,175.2,103.3
11,590,23.6,566.2,56.6
17,590,23.6,249.6,207.3
55,590,23.6,364.0,137.2
56,590,23.6,733.6,202.1
225,590,23.6,470.4,48.5
270,590,23.6,182.8,98.9
283,590,23.6,473.3,608.1
284,590,23.6,139.8,14.0
11,591,23.64,566.2,56.9
17,591,23.64,249.7,206.8
55,591,23.64,363.8,135.9
56,591,23.64,734.4,203.6
225,591,23.64,469.0,48.5
270,591,23.64,190.0,98.0
284,591,23.64,139.8,14.0
11,592,23.68,566.2,56.9
17,592,23.68,250.3,206.7
55,592,23.68,363.5,135.8
56,592,23.68,734.9,204.5
225,592,23.68,467.1,48.3
270,592,23.68,195.8,95.8
11,593,23.72,566.2,56.9
17,593,23.72,250.3,206.6
55,593,23.72,363.6,135.3
56,593,23.72,735.3,205.0
225,593,23.72,467.4,48.3
270,593,23.72,202.7,92.5
283,593,23.72,476.4,611.2
286,593,23.72,177.0,158.2
11,594,23.76,566.1,56.8
17,594,23.76,250.5,206.5
55,594,23.76,363.1,134.0
56,594,23.76,735.6,204.4
225,594,23.76,463.8,47.8
270,594,23.76,209.1,89.0
286,594,23.76,176.5,158.1
11,595,23.8,566.3,57.0
17,595,23.8,249.7,206.7
55,595,23.8,363.1,135.3
56,595,23.8,736.3,204.0
225,595,23.8,463.8,48.3
270,595,23.8,215.4,83.7
286,595,23.8,183.1,158.0
11,596,23.84,566.4,58.2
17,596,23.84,249.2,206.9
55,596,23.84,363.1,134.5
56,596,23.84,736.6,204.0
225,596,23.84,464.3,48.9
270,596,23.84,218.6,76.2
284,596,23.84,139.7,14.2
286,596,23.84,174.8,158.3
11,597,23.88,566.5,57.9
17,597,23.88,250.5,207.8
55,597,23.88,362.7,133.4
56,597,23.88,736.8,204.1
225,597,23.88,463.4,48.9
270,597,23.88,220.7,72.8
283,597,23.88,471.5,601.3
284,597,23.88,139.7,14.2
286,597,23.88,174.2,158.1
11,598,23.92,566.6,57.4
17,598,23.92,251.8,207.9
55,598,23.92,363.3,132.7
56,598,23.92,736.8,204.1
225,598,23.92,463.0,49.0
270,598,23.92,222.6,68.0
284,598,23.92,139.7,14.2
286,598,23.92,174.2,157.9
11,599,23.96,566.8,56.9
17,599,23.96,252.1,208.1
55,599,23.96,364.0,132.3
56,599,23.96,736.9,204.2
225,599,23.96,462.5,49.6
270,599,23.96,228.9,68.9
284,599,23.96,139.7,14.1
286,599,23.96,173.4,157.9
11,600,24.0,566.9,56.9
17,600,24.0,252.6,207.8
55,600,24.0,363.7,132.5
56,600,24.0,736.8,204.3
225,600,24.0,462.3,49.6
270,600,24.0,233.4,68.9
284,600,24.0,139.7,14.1
286,600,24.0,176.9,157.9
11,601,24.04,567.9,55.8
17,601,24.04,252.2,208.0
55,601,24.04,352.3,132.8
56,601,24.04,736.8,203.7
225,601,24.04,462.7,49.1
270,601,24.04,240.6,67.0
284,601,24.04,139.9,14.1
286,601,24.04,176.4,157.9
11,602,24.08,568.4,55.4
17,602,24.08,252.1,206.5
55,602,24.08,345.1,141.6
56,602,24.08,736.6,203.4
225,602,24.08,462.7,49.1
270,602,24.08,245.0,66.4
284,602,24.08,139.9,14.1
286,602,24.08,180.3,157.7
11,603,24.12,567.8,55.3
17,603,24.12,253.4,205.2
55,603,24.12,340.4,143.6
56,603,24.12,736.4,203.2
225,603,24.12,461.8,48.9
270,603,24.12,241.6,66.4
284,603,24.12,140.0,14.1
286,603,24.12,181.6,157.6
11,604,24.16,567.0,55.1
17,604,24.16,254.5,204.3
55,604,24.16,337.6,136.7
56,604,24.16,736.6,202.6
225,604,24.16,461.3,48.6
270,604,24.16,246.2,68.0
286,604,24.16,181.1,157.5
11,605,24.2,566.5,55.8
17,605,24.2,255.2,204.0
55,605,24.2,338.4,142.4
56,605,24.2,736.7,202.4
225,605,24.2,460.4,48.7
270,605,24.2,250.0,73.8
284,605,24.2,139.9,14.1
286,605,24.2,181.2,158.3
11,606,24.24,566.2,55.8
17,606,24.24,254.9,203.9
55,606,24.24,336.8,141.5
56,606,24.24,736.8,202.3
225,606,24.24,460.4,48.6
284,606,24.24,139.9,14.1
286,606,24.24,181.1,158.1
11,607,24.28,566.2,56.0
17,607,24.28,254.2,203.8
55,607,24.28,336.4,135.4
56,607,24.28,736.7,202.3
225,607,24.28,460.4,48.4
270,607,24.28,256.3,80.7
284,607,24.28,139.9,14.1
286,607,24.28,180.9,158.0
11,608,24.32,565.9,55.7
17,608,24.32,253.3,204.1
55,608,24.32,337.9,141.4
56,608,24.32,736.9,202.1
225,608,24.32,459.6,48.6
270,608,24.32,259.5,82.1
284,608,24.32,139.9,14.0
286,608,24.32,180.9,157.8
11,609,24.36,565.6,56.6
17,609,24.36,253.8,203.9
55,609,24.36,336.8,144.6
56,609,24.36,736.9,202.1
225,609,24.36,459.2,48.8
270,609,24.36,260.1,83.1
284,609,24.36,139.9,14.0
286,609,24.36,180.6,157.8
11,610,24.4,565.5,56.7
17,610,24.4,254.1,204.0
55,610,24.4,333.0,135.9
56,610,24.4,736.9,202.3
225,610,24.4,459.0,48.7
270,610,24.4,259.8,83.9
284,610,24.4,139.9,14.0
286,610,24.4,180.8,157.6
11,611,24.44,565.7,57.0
17,611,24.44,254.8,203.5
55,611,24.44,331.7,133.0
56,611,24.44,736.9,202.4
225,611,24.44,459.3,48.7
270,611,24.44,259.7,84.1
284,611,24.44,139.9,14.0
286,611,24.44,181.3,157.7
292,611,24.44,334.6,152.0
293,611,24.44,263.3,99.0
11,612,24.48,565.4,56.5
17,612,24.48,255.2,203.3
55,612,24.48,331.2,131.7
56,612,24.48,737.5,202.5
225,612,24.48,463.2,48.5
270,612,24.48,259.9,86.6
284,612,24.48,139.9,14.1
286,612,24.48,181.2,157.6
292,612,24.48,334.8,152.1
293,612,24.48,258.0,98.7
11,613,24.52,565.2,56.3
17,613,24.52,254.2,203.3
55,613,24.52,331.0,131.3
56,613,24.52,738.0,202.6
225,613,24.52,461.8,48.4
270,613,24.52,261.4,90.4
284,613,24.52,139.9,14.0
286,613,24.52,182.1,157.7
292,613,24.52,335.5,151.2
11,614,24.56,564.9,56.3
17,614,24.56,251.9,202.7
56,614,24.56,738.0,202.8
225,614,24.56,460.4,48.5
270,614,24.56,263.1,92.9
284,614,24.56,139.9,14.0
286,614,24.56,183.1,157.7
292,614,24.56,335.4,150.7
11,615,24.6,564.6,56.4
17,615,24.6,253.2,202.0
56,615,24.6,737.9,202.9
225,615,24.6,460.8,48.8
270,615,24.6,263.5,85.4
284,615,24.6,139.9,14.0
286,615,24.6,183.7,158.0
292,615,24.6,335.5,149.5
295,615,24.6,459.5,35.3
11,616,24.64,564.7,56.6
17,616,24.64,254.2,202.3
56,616,24.64,738.0,202.8
225,616,24.64,460.5,48.7
270,616,24.64,264.3,91.3
284,616,24.64,139.9,14.0
286,616,24.64,184.3,157.9
292,616,24.64,335.3,149.1
295,616,24.64,459.8,33.1
11,617,24.68,564.6,56.1
17,617,24.68,255.1,201.6
56,617,24.68,738.0,202.8
225,617,24.68,460.2,48.8
270,617,24.68,265.5,93.8
284,617,24.68,139.9,14.0
286,617,24.68,183.4,157.9
292,617,24.68,335.5,149.4
295,617,24.68,459.9,32.8
11,618,24.72,564.4,55.8
17,618,24.72,254.4,202.7
56,618,24.72,738.0,202.8
225,618,24.72,459.7,48.9
270,618,24.72,264.4,84.1
283,618,24.72,456.7,589.7
284,618,24.72,139.9,14.0
286,618,24.72,181.8,157.7
292,618,24.72,335.6,148.5
295,618,24.72,459.6,33.0
11,619,24.76,564.5,55.4
17,619,24.76,254.9,203.9
56,619,24.76,737.9,202.8
225,619,24.76,458.9,49.2
270,619,24.76,262.0,82.0
284,619,24.76,139.9,14.0
286,619,24.76,177.5,157.8
292,619,24.76,335.3,149.9
295,619,24.76,458.5,34.2
11,620,24.8,564.5,55.2
17,620,24.8,255.6,202.3
56,620,24.8,737.8,202.9
225,620,24.8,458.4,49.4
270,620,24.8,258.5,82.7
284,620,24.8,139.9,14.0
286,620,24.8,175.5,157.8
292,620,24.8,335.5,150.1
295,620,24.8,458.0,34.1
11,621,24.84,564.4,54.9
17,621,24.84,256.2,199.4
56,621,24.84,738.0,202.7
225,621,24.84,458.7,49.2
270,621,24.84,256.3,82.8
284,621,24.84,139.9,14.1
286,621,24.84,174.2,157.9
292,621,24.84,335.7,148.8
293,621,24.84,257.4,97.2
295,621,24.84,458.3,33.6
11,622,24.88,564.4,54.7
17,622,24.88,259.5,197.1
56,622,24.88,738.1,202.7
225,622,24.88,458.8,49.1
270,622,24.88,256.2,82.3
284,622,24.88,139.8,14.0
286,622,24.88,175.2,158.1
292,622,24.88,335.5,147.3
293,622,24.88,259.3,97.1
295,622,24.88,458.6,33.1
11,623,24.92,564.5,54.7
17,623,24.92,259.9,196.3
56,623,24.92,738.0,203.0
225,623,24.92,458.7,49.2
270,623,24.92,256.8,82.0
284,623,24.92,139.8,14.0
286,623,24.92,175.4,158.2
292,623,24.92,335.9,148.3
295,623,24.92,458.5,33.3
11,624,24.96,564.6,54.8
17,624,24.96,260.5,197.7
56,624,24.96,738.1,202.9
225,624,24.96,459.0,51.2
270,624,24.96,257.9,81.2
284,624,24.96,139.8,14.1
286,624,24.96,175.2,157.9
292,624,24.96,336.0,147.8
293,624,24.96,260.4,96.4
295,624,24.96,458.4,35.1
11,625,25.0,564.5,54.8
17,625,25.0,260.5,199.1
56,625,25.0,738.0,202.9
225,625,25.0,459.1,50.3
270,625,25.0,260.7,79.9
284,625,25.0,139.8,14.0
286,625,25.0,175.2,158.0
292,625,25.0,335.8,149.2
293,625,25.0,263.6,96.5
295,625,25.0,458.6,34.7
11,626,25.04,564.4,54.7
17,626,25.04,259.1,200.9
56,626,25.04,737.9,202.9
225,626,25.04,459.1,49.9
270,626,25.04,261.9,79.3
284,626,25.04,139.8,14.1
286,626,25.04,175.1,158.2
292,626,25.04,335.4,149.7
293,626,25.04,264.6,96.0
295,626,25.04,458.8,34.7
11,627,25.08,564.6,54.8
17,627,25.08,258.8,202.3
56,627,25.08,737.8,202.9
225,627,25.08,459.0,49.8
270,627,25.08,261.4,79.5
284,627,25.08,139.8,14.1
286,627,25.08,174.8,158.3
292,627,25.08,335.6,151.1
295,627,25.08,458.7,34.6
11,628,25.12,564.8,54.7
17,628,25.12,259.4,201.6
56,628,25.12,737.9,202.9
225,628,25.12,459.1,49.9
270,628,25.12,260.8,79.3
284,628,25.12,139.8,14.0
286,628,25.12,174.8,158.3
292,628,25.12,335.7,138.6
295,628,25.12,458.8,34.0
306,628,25.12,167.2,134.7
11,629,25.16,564.8,54.4
17,629,25.16,258.3,202.6
56,629,25.16,737.9,202.9
225,629,25.16,459.1,49.6
270,629,25.16,260.6,78.6
284,629,25.16,139.8,14.0
286,629,25.16,174.0,158.4
292,629,25.16,334.8,133.5
295,629,25.16,458.9,33.8
306,629,25.16,167.8,134.8
11,630,25.2,564.7,54.3
17,630,25.2,259.1,200.7
56,630,25.2,738.0,203.0
225,630,25.2,459.2,49.5
270,630,25.2,260.4,78.5
284,630,25.2,139.8,14.0
286,630,25.2,174.3,158.4
292,630,25.2,335.3,130.7
295,630,25.2,459.3,33.0
306,630,25.2,168.2,134.8
11,631,25.24,564.8,54.2
17,631,25.24,259.3,199.8
56,631,25.24,738.0,202.4
225,631,25.24,459.5,49.5
270,631,25.24,260.6,78.5
284,631,25.24,139.9,14.0
286,631,25.24,174.5,158.1
292,631,25.24,336.5,130.8
295,631,25.24,459.5,32.8
306,631,25.24,168.7,135.0
11,632,25.28,565.0,54.2
17,632,25.28,259.6,199.0
56,632,25.28,738.1,202.5
225,632,25.28,459.8,49.4
270,632,25.28,260.3,78.6
283,632,25.28,478.1,590.0
284,632,25.28,139.8,14.0
286,632,25.28,174.7,157.9
292,632,25.28,338.7,131.4
295,632,25.28,459.6,32.6
306,632,25.28,168.5,135.0
11,633,25.32,564.9,54.1
17,633,25.32,259.5,198.4
56,633,25.32,738.0,202.5
225,633,25.32,459.6,49.4
270,633,25.32,259.9,78.4
283,633,25.32,479.4,589.5
284,633,25.32,139.8,14.0
286,633,25.32,174.8,157.8
292,633,25.32,336.4,129.9
295,633,25.32,459.4,32.7
306,633,25.32,168.4,135.2
11,634,25.36,564.9,54.3
17,634,25.36,259.5,198.1
56,634,25.36,737.6,202.1
225,634,25.36,459.5,49.4
270,634,25.36,259.8,78.3
284,634,25.36,139.8,14.0
286,634,25.36,175.1,157.8
292,634,25.36,337.5,130.0
295,634,25.36,459.4,32.8
306,634,25.36,167.8,135.5
11,635,25.4,565.1,54.5
17,635,25.4,264.8,189.3
56,635,25.4,737.3,201.8
225,635,25.4,459.5,49.3
270,635,25.4,259.8,78.4
284,635,25.4,139.8,14.0
286,635,25.4,175.3,157.8
292,635,25.4,336.7,132.1
295,635,25.4,459.4,32.5
306,635,25.4,168.0,135.5
11,636,25.44,565.1,54.5
17,636,25.44,266.9,186.0
56,636,25.44,737.1,201.8
225,636,25.44,459.2,49.4
270,636,25.44,259.8,78.4
284,636,25.44,139.9,14.0
286,636,25.44,175.3,158.2
292,636,25.44,336.4,136.5
295,636,25.44,459.0,33.4
306,636,25.44,169.6,135.8
308,636,25.44,254.4,202.1
11,637,25.48,565.0,54.8
17,637,25.48,267.5,186.0
56,637,25.48,736.6,202.4
225,637,25.48,459.0,49.5
270,637,25.48,259.7,78.3
284,637,25.48,139.9,14.0
286,637,25.48,175.4,158.2
292,637,25.48,335.8,138.2
295,637,25.48,458.8,33.8
306,637,25.48,171.0,138.8
308,637,25.48,254.5,203.0
11,638,25.52,565.0,54.9
17,638,25.52,267.9,185.6
56,638,25.52,736.3,202.7
225,638,25.52,459.0,49.5
270,638,25.52,259.8,78.2
284,638,25.52,139.9,14.0
286,638,25.52,174.9,159.1
292,638,25.52,335.1,141.4
295,638,25.52,458.9,33.9
306,638,25.52,171.4,138.2
308,638,25.52,255.3,203.6
11,639,25.56,565.0,54.7
17,639,25.56,268.3,185.7
56,639,25.56,735.9,203.0
225,639,25.56,459.1,49.7
270,639,25.56,259.6,78.6
284,639,25.56,139.9,14.0
286,639,25.56,173.8,158.5
292,639,25.56,334.9,144.5
295,639,25.56,458.9,34.2
306,639,25.56,170.5,131.2
11,640,25.6,565.1,54.7
17,640,25.6,268.4,187.4
56,640,25.6,735.6,203.3
225,640,25.6,458.9,49.7
270,640,25.6,259.8,78.6
283,640,25.6,477.5,597.9
284,640,25.6,139.8,14.0
286,640,25.6,174.0,158.3
292,640,25.6,334.3,144.7
295,640,25.6,458.8,34.0
306,640,25.6,170.8,137.2
308,640,25.6,257.4,203.9
11,641,25.64,564.8,55.0
56,641,25.64,735.6,203.8
225,641,25.64,458.8,49.7
270,641,25.64,259.9,78.6
283,641,25.64,484.5,597.4
284,641,25.64,139.8,14.0
286,641,25.64,173.7,158.0
292,641,25.64,333.9,145.3
295,641,25.64,458.7,34.0
306,641,25.64,171.1,139.2
308,641,25.64,256.9,205.0
11,642,25.68,565.7,55.1
56,642,25.68,735.8,204.2
225,642,25.68,458.7,49.7
270,642,25.68,260.0,78.6
283,642,25.68,483.3,596.2
284,642,25.68,139.8,14.0
286,642,25.68,173.3,157.9
292,642,25.68,333.7,145.2
295,642,25.68,458.6,33.7
306,642,25.68,170.9,137.8
308,642,25.68,256.4,205.7
11,643,25.72,566.7,55.4
56,643,25.72,735.9,204.2
225,643,25.72,458.7,49.8
270,643,25.72,260.0,78.8
283,643,25.72,481.2,596.3
284,643,25.72,139.8,14.0
286,643,25.72,173.0,157.7
292,643,25.72,333.8,145.8
295,643,25.72,458.7,33.6
306,643,25.72,171.7,138.7
308,643,25.72,256.6,205.5
11,644,25.76,569.5,55.9
56,644,25.76,736.3,203.1
225,644,25.76,458.6,49.9
270,644,25.76,260.1,78.7
284,644,25.76,139.8,14.0
286,644,25.76,173.0,157.5
292,644,25.76,333.7,145.8
295,644,25.76,458.5,33.8
306,644,25.76,171.3,137.7
308,644,25.76,256.9,204.5
11,645,25.8,570.1,56.0
56,645,25.8,736.5,202.6
225,645,25.8,458.6,49.9
270,645,25.8,260.0,78.7
283,645,25.8,470.2,599.4
284,645,25.8,139.8,14.0
286,645,25.8,173.0,157.4
292,645,25.8,333.5,145.9
295,645,25.8,458.6,34.0
306,645,25.8,171.3,137.7
308,645,25.8,257.6,203.2
11,646,25.84,569.6,56.0
56,646,25.84,736.6,203.5
225,646,25.84,458.9,49.8
270,646,25.84,259.9,78.7
283,646,25.84,465.8,600.2
284,646,25.84,139.8,14.0
286,646,25.84,173.0,157.4
292,646,25.84,333.3,145.7
295,646,25.84,458.9,33.6
306,646,25.84,171.2,137.5
308,646,25.84,257.5,203.9
11,647,25.88,569.2,55.6
56,647,25.88,736.4,203.4
225,647,25.88,459.0,49.8
270,647,25.88,260.0,78.8
283,647,25.88,457.3,601.1
284,647,25.88,139.8,14.0
286,647,25.88,173.2,157.4
292,647,25.88,333.3,145.3
295,647,25.88,459.1,33.4
306,647,25.88,170.9,137.1
308,647,25.88,257.5,204.4
11,648,25.92,569.1,55.6
56,648,25.92,736.5,203.4
225,648,25.92,459.1,49.9
270,648,25.92,259.9,78.9
283,648,25.92,451.6,601.3
284,648,25.92,139.8,14.0
286,648,25.92,173.3,157.2
292,648,25.92,333.3,145.6
295,648,25.92,459.1,33.4
306,648,25.92,170.8,137.2
308,648,25.92,257.3,204.1
11,649,25.96,569.3,55.5
56,649,25.96,736.6,203.6
225,649,25.96,459.3,49.8
270,649,25.96,259.9,79.1
284,649,25.96,139.8,14.0
286,649,25.96,173.0,157.2
292,649,25.96,333.3,145.6
295,649,25.96,459.4,33.1
306,649,25.96,170.6,136.4
308,649,25.96,257.3,204.4
11,650,26.0,569.3,55.6
56,650,26.0,736.6,203.9
225,650,26.0,459.6,50.4
270,650,26.0,259.9,79.2
284,650,26.0,139.8,14.0
286,650,26.0,172.9,157.1
292,650,26.0,333.5,145.8
295,650,26.0,459.0,35.0
306,650,26.0,170.3,136.0
308,650,26.0,257.2,204.7
11,651,26.04,569.0,54.2
56,651,26.04,736.7,204.1
225,651,26.04,459.5,50.2
270,651,26.04,259.7,79.1
284,651,26.04,139.8,14.0
286,651,26.04,173.0,156.7
292,651,26.04,333.5,145.8
295,651,26.04,458.8,35.4
306,651,26.04,170.2,135.7
308,651,26.04,257.0,204.7
11,652,26.08,568.9,53.0
56,652,26.08,736.7,204.1
225,652,26.08,459.4,50.1
270,652,26.08,259.6,79.2
284,652,26.08,139.9,14.0
286,652,26.08,172.6,156.7
292,652,26.08,333.5,146.2
295,652,26.08,458.7,35.5
306,652,26.08,170.2,135.7
308,652,26.08,257.9,203.3
11,653,26.12,568.9,52.7
56,653,26.12,736.7,204.2
225,653,26.12,459.4,50.1
270,653,26.12,259.6,79.3
284,653,26.12,139.9,14.0
286,653,26.12,172.3,156.7
292,653,26.12,333.5,146.2
295,653,26.12,458.7,35.4
306,653,26.12,170.2,135.5
308,653,26.12,257.9,202.4
11,654,26.16,569.1,52.6
56,654,26.16,736.8,204.2
225,654,26.16,459.3,49.9
270,654,26.16,259.7,79.3
284,654,26.16,139.9,14.0
286,654,26.16,172.0,156.8
292,654,26.16,333.5,146.2
295,654,26.16,458.6,35.2
306,654,26.16,170.2,135.5
308,654,26.16,258.0,202.0
11,655,26.2,568.8,52.5
56,655,26.2,736.7,203.9
225,655,26.2,459.2,50.0
270,655,26.2,259.6,79.2
284,655,26.2,139.9,14.0
286,655,26.2,172.0,156.9
292,655,26.2,333.5,146.2
295,655,26.2,458.7,35.2
306,655,26.2,170.3,134.7
308,655,26.2,257.9,202.3
315,655,26.2,246.1,272.7
11,656,26.24,568.8,52.4
56,656,26.24,736.7,203.8
225,656,26.24,459.2,50.0
270,656,26.24,259.7,79.2
284,656,26.24,139.9,14.0
286,656,26.24,172.3,156.7
292,656,26.24,333.5,146.4
295,656,26.24,458.7,35.1
306,656,26.24,170.9,135.6
308,656,26.24,257.4,203.3
315,656,26.24,246.1,272.7
11,657,26.28,568.9,53.2
56,657,26.28,736.7,203.9
225,657,26.28,459.1,50.1
270,657,26.28,260.0,79.1
284,657,26.28,139.9,14.0
286,657,26.28,173.0,157.2
292,657,26.28,333.6,146.7
295,657,26.28,458.8,35.1
306,657,26.28,171.2,136.6
308,657,26.28,257.0,203.6
315,657,26.28,245.8,272.7
11,658,26.32,568.9,53.7
56,658,26.32,736.7,204.0
225,658,26.32,459.2,50.0
270,658,26.32,260.0,79.1
284,658,26.32,139.9,14.0
286,658,26.32,172.9,157.2
292,658,26.32,333.7,146.2
295,658,26.32,458.8,35.1
306,658,26.32,169.7,136.4
308,658,26.32,256.6,203.3
315,658,26.32,245.7,272.8
11,659,26.36,568.8,53.8
56,659,26.36,736.6,204.0
225,659,26.36,459.2,50.0
270,659,26.36,260.2,78.9
284,659,26.36,139.9,14.0
286,659,26.36,173.4,157.2
292,659,26.36,334.0,146.1
295,659,26.36,458.8,34.9
306,659,26.36,168.9,128.6
308,659,26.36,252.1,203.0
315,659,26.36,245.5,272.9
11,660,26.4,568.8,53.8
56,660,26.4,736.5,204.1
225,660,26.4,459.2,50.0
270,660,26.4,260.3,79.0
284,660,26.4,139.9,14.0
286,660,26.4,173.9,157.3
292,660,26.4,334.2,147.1
295,660,26.4,459.0,34.9
306,660,26.4,168.9,127.0
308,660,26.4,249.8,202.2
315,660,26.4,245.4,273.0
11,661,26.44,568.2,54.1
56,661,26.44,735.8,203.9
225,661,26.44,464.6,50.2
270,661,26.44,261.5,80.7
284,661,26.44,139.9,14.1
286,661,26.44,171.9,157.9
292,661,26.44,334.3,145.7
295,661,26.44,464.6,34.8
308,661,26.44,249.6,203.4
315,661,26.44,245.8,273.1
11,662,26.48,568.0,54.0
56,662,26.48,735.6,203.7
225,662,26.48,466.4,49.7
270,662,26.48,262.0,80.9
284,662,26.48,139.8,14.1
286,662,26.48,171.0,158.1
292,662,26.48,334.2,146.0
295,662,26.48,466.6,34.7
308,662,26.48,250.3,203.4
315,662,26.48,245.9,273.1
11,663,26.52,567.8,54.0
56,663,26.52,735.6,203.6
225,663,26.52,467.1,49.4
270,663,26.52,262.1,80.6
284,663,26.52,139.8,14.1
286,663,26.52,168.2,158.4
292,663,26.52,333.7,145.3
295,663,26.52,467.4,34.6
308,663,26.52,249.2,203.8
315,663,26.52,246.1,273.0
11,664,26.56,567.8,54.0
56,664,26.56,735.6,203.5
225,664,26.56,467.3,49.3
270,664,26.56,262.1,80.6
284,664,26.56,139.8,14.1
286,664,26.56,167.2,158.5
292,664,26.56,333.5,144.8
295,664,26.56,467.7,34.6
308,664,26.56,248.3,202.4
315,664,26.56,246.2,273.0
11,665,26.6,567.8,54.1
56,665,26.6,735.6,203.4
225,665,26.6,467.4,49.3
270,665,26.6,262.0,81.1
284,665,26.6,139.8,14.1
286,665,26.6,168.0,158.4
292,665,26.6,333.2,137.5
295,665,26.6,467.8,34.7
308,665,26.6,248.7,201.0
315,665,26.6,246.3,273.0
11,666,26.64,567.8,54.2
56,666,26.64,735.6,203.4
225,666,26.64,467.4,49.3
270,666,26.64,262.2,81.5
284,666,26.64,139.8,14.1
286,666,26.64,170.0,158.3
292,666,26.64,333.4,136.1
295,666,26.64,467.9,34.5
308,666,26.64,253.3,201.0
315,666,26.64,246.4,273.1
11,667,26.68,567.8,54.1
56,667,26.68,735.6,203.4
225,667,26.68,467.5,49.2
270,667,26.68,262.4,84.5
284,667,26.68,139.8,14.1
286,667,26.68,176.6,157.9
292,667,26.68,333.9,143.2
295,667,26.68,467.4,32.4
308,667,26.68,251.9,201.2
315,667,26.68,246.3,272.9
11,668,26.72,567.7,53.8
56,668,26.72,735.7,203.5
225,668,26.72,467.7,49.8
270,668,26.72,262.3,86.4
284,668,26.72,139.8,14.1
286,668,26.72,173.9,157.6
295,668,26.72,467.3,31.3
308,668,26.72,251.3,201.3
315,668,26.72,246.3,272.9
11,669,26.76,567.9,53.7
56,669,26.76,735.7,203.3
225,669,26.76,468.1,50.2
270,669,26.76,268.8,97.6
284,669,26.76,139.9,14.1
286,669,26.76,171.1,157.6
295,669,26.76,468.0,33.8
308,669,26.76,249.4,200.8
315,669,26.76,246.1,272.7
11,670,26.8,567.8,53.9
56,670,26.8,736.1,203.3
225,670,26.8,468.3,49.4
270,670,26.8,271.1,101.4
284,670,26.8,139.9,14.1
286,670,26.8,171.2,157.4
295,670,26.8,468.1,32.8
308,670,26.8,249.1,201.1
315,670,26.8,245.8,272.7
11,671,26.84,567.7,53.9
56,671,26.84,736.1,203.4
225,671,26.84,469.0,49.1
270,671,26.84,266.0,92.6
284,671,26.84,139.9,14.1
286,671,26.84,171.0,157.4
292,671,26.84,334.0,147.9
295,671,26.84,468.5,33.2
308,671,26.84,248.6,201.6
315,671,26.84,245.9,272.8
11,672,26.88,567.6,53.9
56,672,26.88,735.9,203.5
225,672,26.88,469.5,49.0
270,672,26.88,263.8,90.1
284,672,26.88,139.8,14.1
286,672,26.88,171.2,157.2
292,672,26.88,334.1,149.4
295,672,26.88,469.2,34.3
308,672,26.88,248.3,201.8
315,672,26.88,245.8,272.9
11,673,26.92,567.7,53.9
56,673,26.92,735.8,203.6
225,673,26.92,469.3,48.5
270,673,26.92,263.0,89.6
284,673,26.92,139.8,14.1
286,673,26.92,169.9,157.3
292,673,26.92,334.2,150.8
295,673,26.92,468.7,34.5
308,673,26.92,248.0,202.3
315,673,26.92,245.9,272.9
321,673,26.92,271.2,103.3
11,674,26.96,567.7,54.1
56,674,26.96,735.9,203.9
225,674,26.96,470.7,48.0
270,674,26.96,262.4,88.3
284,674,26.96,139.8,14.1
286,674,26.96,171.2,157.1
292,674,26.96,334.8,152.3
308,674,26.96,248.3,201.5
315,674,26.96,245.9,272.8
321,674,26.96,271.6,103.2
11,675,27.0,567.7,54.2
56,675,27.0,735.7,203.9
225,675,27.0,471.4,47.7
270,675,27.0,262.2,88.1
284,675,27.0,139.8,14.2
286,675,27.0,171.8,157.5
292,675,27.0,335.4,152.9
308,675,27.0,248.7,201.4
315,675,27.0,245.8,273.0
321,675,27.0,272.1,104.6
11,676,27.04,567.7,54.0
56,676,27.04,735.4,204.1
225,676,27.04,471.6,47.8
270,676,27.04,262.1,87.7
284,676,27.04,139.8,14.2
286,676,27.04,174.0,157.7
292,676,27.04,335.0,152.8
308,676,27.04,249.6,202.4
315,676,27.04,245.9,272.9
321,676,27.04,272.0,104.0
11,677,27.08,567.7,53.8
56,677,27.08,735.3,203.5
225,677,27.08,471.6,48.0
270,677,27.08,262.4,84.3
284,677,27.08,139.9,14.1
286,677,27.08,172.2,157.7
292,677,27.08,335.3,147.3
308,677,27.08,253.3,199.4
315,677,27.08,245.9,272.9
11,678,27.12,567.6,54.0
56,678,27.12,735.3,203.3
225,678,27.12,471.6,48.6
270,678,27.12,262.6,82.5
284,678,27.12,139.9,14.1
286,678,27.12,179.8,156.6
292,678,27.12,336.1,150.2
308,678,27.12,251.4,197.1
315,678,27.12,245.9,272.8
11,679,27.16,567.6,54.1
56,679,27.16,735.0,203.3
225,679,27.16,471.6,49.0
270,679,27.16,262.9,81.2
284,679,27.16,139.8,14.1
286,679,27.16,181.2,156.9
292,679,27.16,335.9,146.5
308,679,27.16,250.7,195.0
315,679,27.16,245.7,272.6
321,679,27.16,266.8,96.8
11,680,27.2,567.6,54.5
56,680,27.2,734.9,203.3
225,680,27.2,471.4,49.1
270,680,27.2,262.9,80.6
284,680,27.2,139.8,14.1
286,680,27.2,182.1,157.1
292,680,27.2,335.6,146.3
308,680,27.2,249.3,194.1
315,680,27.2,245.7,272.6
321,680,27.2,265.8,95.5
11,681,27.24,567.6,54.6
56,681,27.24,734.6,203.3
225,681,27.24,471.3,48.4
270,681,27.24,262.5,80.1
284,681,27.24,139.8,14.1
292,681,27.24,335.4,145.7
308,681,27.24,249.3,193.8
321,681,27.24,265.9,99.7
326,681,27.24,165.8,135.5
11,682,27.28,567.5,54.6
56,682,27.28,734.4,202.9
225,682,27.28,471.0,48.7
270,682,27.28,262.1,79.9
284,682,27.28,139.8,14.1
292,682,27.28,335.6,145.5
308,682,27.28,246.3,199.5
321,682,27.28,264.6,99.3
326,682,27.28,166.2,135.1
11,683,27.32,567.5,54.7
56,683,27.32,734.3,203.0
225,683,27.32,470.8,51.4
270,683,27.32,261.6,79.6
284,683,27.32,139.8,14.1
292,683,27.32,335.7,147.1
295,683,27.32,471.0,35.9
308,683,27.32,243.7,203.0
321,683,27.32,264.7,100.2
326,683,27.32,166.6,135.6
11,684,27.36,567.5,54.7
56,684,27.36,734.4,202.5
225,684,27.36,470.6,52.2
270,684,27.36,261.1,80.0
284,684,27.36,139.8,14.1
286,684,27.36,170.0,157.2
292,684,27.36,335.9,146.3
295,684,27.36,471.0,35.9
308,684,27.36,243.9,203.7
321,684,27.36,265.2,101.6
326,684,27.36,166.6,136.0
11,685,27.4,567.5,54.6
56,685,27.4,734.5,202.2
225,685,27.4,470.7,50.2
270,685,27.4,261.0,80.2
284,685,27.4,139.8,14.1
286,685,27.4,168.9,157.1
292,685,27.4,335.6,144.3
295,685,27.4,470.2,35.4
308,685,27.4,243.2,205.4
321,685,27.4,264.6,99.8
326,685,27.4,166.8,136.6
11,686,27.44,567.5,54.7
56,686,27.44,734.5,202.0
225,686,27.44,470.6,49.2
270,686,27.44,261.0,80.1
284,686,27.44,139.8,14.1
286,686,27.44,169.0,157.2
292,686,27.44,335.4,145.3
308,686,27.44,246.9,199.7
321,686,27.44,265.5,101.8
326,686,27.44,167.2,137.7
11,687,27.48,567.5,54.6
56,687,27.48,734.9,201.5
225,687,27.48,470.5,48.5
270,687,27.48,260.8,79.9
284,687,27.48,139.8,14.1
286,687,27.48,169.1,157.0
292,687,27.48,334.5,147.7
308,687,27.48,251.5,199.7
326,687,27.48,166.8,137.3
11,688,27.52,567.5,54.6
56,688,27.52,735.0,200.7
225,688,27.52,470.5,51.0
270,688,27.52,260.6,80.2
284,688,27.52,139.8,14.1
286,688,27.52,171.0,157.4
292,688,27.52,333.9,148.4
295,688,27.52,470.8,35.9
308,688,27.52,255.4,200.0
326,688,27.52,166.6,138.4
11,689,27.56,567.6,54.6
56,689,27.56,735.6,192.6
225,689,27.56,470.3,51.2
270,689,27.56,260.6,80.0
284,689,27.56,139.8,14.2
286,689,27.56,171.2,157.3
292,689,27.56,333.5,149.8
295,689,27.56,470.4,35.9
308,689,27.56,256.7,200.3
326,689,27.56,166.4,138.5
11,690,27.6,567.6,54.6
56,690,27.6,736.0,188.5
225,690,27.6,470.0,53.5
270,690,27.6,260.8,80.0
284,690,27.6,139.9,14.2
292,690,27.6,333.6,150.3
295,690,27.6,470.3,35.9
308,690,27.6,257.1,201.2
326,690,27.6,166.3,138.6
11,691,27.64,567.5,54.6
56,691,27.64,736.0,187.4
225,691,27.64,470.3,52.2
270,691,27.64,260.8,79.9
284,691,27.64,139.9,14.1
292,691,27.64,333.2,150.0
295,691,27.64,470.5,35.9
308,691,27.64,257.6,200.7
326,691,27.64,166.5,127.8
11,692,27.68,567.5,54.1
56,692,27.68,736.5,187.0
225,692,27.68,470.5,51.5
270,692,27.68,260.7,79.5
284,692,27.68,139.9,14.1
292,692,27.68,333.3,149.8
295,692,27.68,470.6,35.8
308,692,27.68,255.8,200.2
326,692,27.68,166.6,123.3
11,693,27.72,567.4,54.0
56,693,27.72,736.3,187.0
225,693,27.72,470.6,51.4
270,693,27.72,260.7,79.5
284,693,27.72,139.9,14.1
292,693,27.72,334.1,148.2
295,693,27.72,470.6,35.8
308,693,27.72,256.0,199.8
326,693,27.72,166.8,122.3
11,694,27.76,567.4,53.9
56,694,27.76,736.4,187.2
225,694,27.76,470.4,51.6
270,694,27.76,260.8,79.6
284,694,27.76,139.8,14.1
292,694,27.76,334.5,148.1
295,694,27.76,470.6,35.8
308,694,27.76,254.2,200.0
326,694,27.76,166.5,121.7
11,695,27.8,567.5,53.9
56,695,27.8,736.6,188.0
225,695,27.8,470.5,52.2
270,695,27.8,261.3,79.8
284,695,27.8,139.7,14.1
286,695,27.8,167.2,140.2
292,695,27.8,336.0,150.8
295,695,27.8,470.6,35.8
308,695,27.8,253.9,200.0
326,695,27.8,166.6,121.5
11,696,27.84,567.5,53.9
56,696,27.84,736.3,188.1
225,696,27.84,470.6,53.5
270,696,27.84,261.6,80.2
284,696,27.84,139.7,14.1
286,696,27.84,167.2,138.9
292,696,27.84,336.0,151.5
295,696,27.84,470.6,35.8
308,696,27.84,253.3,200.0
326,696,27.84,166.5,121.5
11,697,27.88,567.4,54.7
56,697,27.88,735.8,188.4
225,697,27.88,470.4,56.3
270,697,27.88,261.6,80.3
284,697,27.88,139.7,14.1
286,697,27.88,167.0,138.1
292,697,27.88,339.0,139.0
295,697,27.88,470.5,35.8
308,697,27.88,251.8,199.4
326,697,27.88,166.6,121.6
11,698,27.92,567.5,54.7
56,698,27.92,731.2,178.5
225,698,27.92,470.3,54.0
270,698,27.92,261.7,80.5
284,698,27.92,139.7,14.0
286,698,27.92,167.1,138.1
292,698,27.92,340.2,134.6
295,698,27.92,470.3,35.9
308,698,27.92,253.3,199.7
326,698,27.92,167.5,122.5
11,699,27.96,567.5,55.0
56,699,27.96,729.5,174.9
225,699,27.96,470.1,52.4
270,699,27.96,261.9,80.7
284,699,27.96,139.7,14.1
286,699,27.96,167.3,138.2
292,699,27.96,340.1,132.8
295,699,27.96,470.1,36.0
308,699,27.96,253.5,200.0
11,700,28.0,567.3,54.3
56,700,28.0,728.6,173.4
270,700,28.0,261.9,80.8
284,700,28.0,139.7,14.0
286,700,28.0,167.6,138.5
292,700,28.0,336.4,142.7
295,700,28.0,470.1,36.0
308,700,28.0,254.7,199.1
11,701,28.04,567.3,54.5
56,701,28.04,728.2,172.9
270,701,28.04,261.7,79.9
284,701,28.04,139.7,14.0
286,701,28.04,167.2,138.4
292,701,28.04,334.7,147.8
295,701,28.04,470.1,36.1
308,701,28.04,255.1,199.1
11,702,28.08,567.3,54.8
56,702,28.08,728.2,172.8
270,702,28.08,261.6,79.6
284,702,28.08,139.7,14.0
286,702,28.08,167.3,137.6
292,702,28.08,333.8,148.6
295,702,28.08,470.1,36.0
308,702,28.08,252.8,198.3
11,703,28.12,567.3,54.9
56,703,28.12,728.0,172.7
270,703,28.12,261.6,79.7
284,703,28.12,139.7,14.0
286,703,28.12,167.6,137.5
292,703,28.12,333.6,150.5
295,703,28.12,470.0,36.0
308,703,28.12,251.3,201.7
11,704,28.16,567.3,54.9
56,704,28.16,727.9,172.6
270,704,28.16,261.6,79.7
284,704,28.16,139.7,14.0
286,704,28.16,167.9,137.6
292,704,28.16,333.7,150.9
295,704,28.16,470.0,36.1
308,704,28.16,250.7,205.1
11,705,28.2,567.2,54.8
56,705,28.2,727.9,172.2
270,705,28.2,261.5,79.6
284,705,28.2,139.7,14.1
286,705,28.2,168.3,137.2
292,705,28.2,333.6,150.0
295,705,28.2,470.1,36.0
308,705,28.2,251.8,205.5
11,706,28.24,567.2,54.8
56,706,28.24,728.0,172.2
270,706,28.24,261.5,79.7
284,706,28.24,139.7,14.0
286,706,28.24,169.1,135.0
292,706,28.24,333.5,149.4
295,706,28.24,470.2,36.0
308,706,28.24,251.6,204.7
11,707,28.28,567.2,54.5
56,707,28.28,728.0,172.3
270,707,28.28,261.5,79.7
284,707,28.28,139.7,14.0
286,707,28.28,169.7,133.5
292,707,28.28,333.5,150.0
295,707,28.28,470.2,35.9
308,707,28.28,252.8,204.4
11,708,28.32,567.3,54.4
56,708,28.32,728.3,172.2
270,708,28.32,261.5,79.9
284,708,28.32,139.7,14.0
286,708,28.32,170.6,136.2
292,708,28.32,333.2,150.1
295,708,28.32,470.1,35.8
308,708,28.32,252.3,204.3
326,708,28.32,167.9,124.2
11,709,28.36,567.0,53.7
56,709,28.36,729.0,172.0
270,709,28.36,261.6,80.1
284,709,28.36,139.7,14.0
286,709,28.36,171.1,137.1
292,709,28.36,333.1,149.5
295,709,28.36,470.1,35.7
308,709,28.36,251.5,205.1
326,709,28.36,167.8,124.7
11,710,28.4,566.9,53.5
56,710,28.4,733.2,182.7
270,710,28.4,261.8,80.3
284,710,28.4,139.7,14.0
286,710,28.4,171.1,135.5
292,710,28.4,333.0,149.4
295,710,28.4,470.1,35.7
308,710,28.4,249.5,203.9
326,710,28.4,167.3,122.5
11,711,28.44,566.9,54.2
270,711,28.44,261.7,80.6
284,711,28.44,139.7,14.0
286,711,28.44,170.9,134.8
292,711,28.44,333.0,148.9
295,711,28.44,469.9,35.7
308,711,28.44,249.4,204.1
326,711,28.44,167.5,121.7
11,712,28.48,567.0,54.6
56,712,28.48,736.1,190.9
270,712,28.48,261.7,80.4
284,712,28.48,139.7,14.0
286,712,28.48,171.9,137.0
292,712,28.48,333.0,148.9
295,712,28.48,469.8,35.9
308,712,28.48,250.3,202.3
326,712,28.48,167.8,123.3
11,713,28.52,567.0,54.8
56,713,28.52,736.2,191.9
270,713,28.52,261.7,80.3
284,713,28.52,139.8,14.0
286,713,28.52,171.3,135.5
292,713,28.52,333.2,150.6
295,713,28.52,470.1,36.2
308,713,28.52,252.8,202.1
326,713,28.52,167.6,122.9
11,714,28.56,567.0,54.2
56,714,28.56,736.2,192.4
270,714,28.56,261.8,80.2
284,714,28.56,139.7,14.0
286,714,28.56,170.9,134.9
292,714,28.56,333.4,151.4
295,714,28.56,470.1,36.3
308,714,28.56,252.6,202.6
326,714,28.56,167.5,122.8
11,715,28.6,566.9,53.9
56,715,28.6,736.3,192.2
270,715,28.6,261.9,80.4
284,715,28.6,139.7,14.0
286,715,28.6,172.6,137.6
292,715,28.6,333.4,151.1
295,715,28.6,470.1,36.2
308,715,28.6,253.6,201.8
326,715,28.6,167.4,124.9
11,716,28.64,566.7,54.8
56,716,28.64,736.4,192.2
270,716,28.64,261.8,80.9
284,716,28.64,139.8,13.9
286,716,28.64,176.4,150.0
292,716,28.64,333.4,151.1
295,716,28.64,469.5,36.2
308,716,28.64,252.1,201.5
326,716,28.64,168.1,128.9
11,717,28.68,566.7,54.1
56,717,28.68,736.3,191.8
270,717,28.68,262.1,80.5
284,717,28.68,139.7,13.9
286,717,28.68,176.8,154.7
292,717,28.68,333.3,150.9
295,717,28.68,469.1,36.1
308,717,28.68,251.3,202.0
326,717,28.68,169.7,133.4
11,718,28.72,566.8,54.5
56,718,28.72,736.0,190.8
270,718,28.72,262.2,80.8
284,718,28.72,139.8,13.9
286,718,28.72,178.3,157.3
292,718,28.72,333.2,151.2
295,718,28.72,469.0,36.0
308,718,28.72,250.7,201.2
326,718,28.72,170.6,135.3
11,719,28.76,566.8,54.1
56,719,28.76,735.9,190.3
270,719,28.76,262.4,80.4
284,719,28.76,139.8,13.9
286,719,28.76,179.7,158.5
292,719,28.76,333.2,151.6
295,719,28.76,469.0,36.1
308,719,28.76,250.8,201.4
11,720,28.8,566.8,53.9
56,720,28.8,735.7,190.6
270,720,28.8,262.6,80.2
284,720,28.8,139.8,13.9
286,720,28.8,179.5,158.5
292,720,28.8,333.3,151.7
295,720,28.8,469.1,36.1
308,720,28.8,250.8,201.6
11,721,28.84,567.1,54.4
56,721,28.84,735.6,191.7
270,721,28.84,262.0,80.3
286,721,28.84,174.6,158.4
292,721,28.84,332.8,148.9
295,721,28.84,469.0,44.0
308,721,28.84,250.5,203.7
11,722,28.88,567.3,54.9
56,722,28.88,735.7,191.3
270,722,28.88,261.8,80.2
286,722,28.88,172.9,158.5
292,722,28.88,332.6,147.8
308,722,28.88,250.7,203.9
11,723,28.92,567.3,54.2
56,723,28.92,735.3,190.6
270,723,28.92,261.9,80.5
286,723,28.92,172.3,158.3
292,723,28.92,332.7,148.1
308,723,28.92,250.6,203.9
11,724,28.96,567.3,54.8
56,724,28.96,735.2,190.3
270,724,28.96,262.0,80.5
286,724,28.96,172.1,158.3
292,724,28.96,332.5,147.9
308,724,28.96,251.2,203.9
11,725,29.0,567.3,55.1
56,725,29.0,735.3,190.8
270,725,29.0,262.1,80.6
286,725,29.0,172.2,158.0
292,725,29.0,332.5,148.3
308,725,29.0,251.3,204.1
11,726,29.04,567.4,55.4
56,726,29.04,735.6,191.3
270,726,29.04,262.2,80.6
286,726,29.04,171.5,157.8
292,726,29.04,332.2,147.4
308,726,29.04,250.2,204.0
11,727,29.08,567.5,55.8
56,727,29.08,735.6,192.5
270,727,29.08,262.0,80.6
286,727,29.08,169.2,146.9
292,727,29.08,334.8,137.0
308,727,29.08,250.6,201.1
11,728,29.12,567.5,55.9
56,728,29.12,735.4,197.1
270,728,29.12,261.8,80.6
286,728,29.12,168.3,152.2
292,728,29.12,335.0,144.3
308,728,29.12,251.2,200.3
11,729,29.16,567.5,56.1
56,729,29.16,735.1,198.6
225,729,29.16,469.3,48.1
270,729,29.16,261.8,80.1
286,729,29.16,167.7,143.5
292,729,29.16,335.0,136.9
308,729,29.16,252.8,202.6
11,730,29.2,567.5,56.2
56,730,29.2,734.9,198.5
270,730,29.2,261.7,80.0
286,730,29.2,168.6,140.0
292,730,29.2,335.2,145.8
308,730,29.2,257.9,190.6
11,731,29.24,567.5,56.1
56,731,29.24,734.8,201.9
270,731,29.24,261.8,80.0
286,731,29.24,168.1,138.8
292,731,29.24,335.3,151.2
308,731,29.24,262.0,185.1
11,732,29.28,567.5,56.0
56,732,29.28,734.7,202.9
270,732,29.28,261.7,79.9
286,732,29.28,168.2,139.0
292,732,29.28,335.1,152.6
308,732,29.28,264.3,183.2
11,733,29.32,567.6,56.0
56,733,29.32,734.6,203.5
270,733,29.32,261.6,80.0
286,733,29.32,167.9,137.9
292,733,29.32,335.0,152.5
308,733,29.32,264.6,182.6
11,734,29.36,567.6,56.2
56,734,29.36,734.5,204.1
270,734,29.36,261.7,80.1
286,734,29.36,167.3,133.3
292,734,29.36,334.8,152.3
308,734,29.36,264.9,182.5
326,734,29.36,180.8,154.2
11,735,29.4,567.6,56.3
56,735,29.4,734.4,204.5
225,735,29.4,470.3,47.8
270,735,29.4,261.8,80.3
286,735,29.4,167.5,136.4
292,735,29.4,335.2,153.5
308,735,29.4,264.8,182.5
326,735,29.4,181.0,155.4
11,736,29.44,567.7,56.3
56,736,29.44,734.5,202.8
225,736,29.44,470.3,47.7
270,736,29.44,261.6,80.3
286,736,29.44,167.1,130.0
292,736,29.44,334.3,149.6
308,736,29.44,263.4,182.1
326,736,29.44,181.4,155.9
11,737,29.48,567.8,55.6
56,737,29.48,734.5,203.4
225,737,29.48,470.0,47.5
270,737,29.48,261.5,80.3
292,737,29.48,334.7,148.8
308,737,29.48,259.0,186.8
326,737,29.48,181.7,157.3
11,738,29.52,567.7,55.5
56,738,29.52,734.5,201.6
225,738,29.52,470.0,47.5
270,738,29.52,261.4,80.3
292,738,29.52,334.9,147.7
308,738,29.52,254.9,187.2
326,738,29.52,181.6,157.2
11,739,29.56,567.5,55.8
56,739,29.56,734.4,201.7
225,739,29.56,470.0,47.5
270,739,29.56,261.4,80.4
292,739,29.56,334.9,148.2
308,739,29.56,261.6,184.0
326,739,29.56,182.2,156.5
11,740,29.6,567.5,56.1
56,740,29.6,734.3,202.3
225,740,29.6,470.1,47.6
270,740,29.6,261.1,80.6
292,740,29.6,334.2,148.4
308,740,29.6,264.3,182.7
326,740,29.6,182.3,156.2
11,741,29.64,567.3,54.9
56,741,29.64,734.4,199.8
225,741,29.64,470.3,47.6
270,741,29.64,261.0,80.6
292,741,29.64,334.0,149.2
308,741,29.64,257.3,182.2
326,741,29.64,181.4,155.6
11,742,29.68,567.3,54.5
56,742,29.68,734.5,201.6
225,742,29.68,470.4,47.6
270,742,29.68,261.0,80.5
292,742,29.68,333.9,150.1
308,742,29.68,257.3,182.6
326,742,29.68,181.2,155.4
11,743,29.72,567.3,54.5
56,743,29.72,734.4,201.3
225,743,29.72,470.5,47.6
270,743,29.72,261.0,80.5
292,743,29.72,333.9,150.3
308,743,29.72,262.7,182.0
326,743,29.72,183.1,155.1
11,744,29.76,567.3,54.6
56,744,29.76,734.4,200.0
225,744,29.76,469.4,48.1
270,744,29.76,260.9,80.6
292,744,29.76,334.0,149.6
308,744,29.76,260.8,182.2
326,744,29.76,181.2,154.8
11,745,29.8,567.2,54.4
56,745,29.8,734.5,201.7
225,745,29.8,464.9,48.2
270,745,29.8,260.9,80.6
292,745,29.8,334.0,149.1
308,745,29.8,259.2,182.8
326,745,29.8,178.7,154.9
11,746,29.84,567.1,55.0
56,746,29.84,734.6,201.7
225,746,29.84,463.2,48.5
270,746,29.84,260.9,80.7
286,746,29.84,167.7,121.8
292,746,29.84,333.9,149.3
308,746,29.84,258.8,183.6
326,746,29.84,177.0,154.9
11,747,29.88,567.1,55.3
56,747,29.88,734.6,202.1
225,747,29.88,462.4,48.9
270,747,29.88,260.8,82.0
286,747,29.88,167.8,122.1
292,747,29.88,333.7,150.0
308,747,29.88,258.6,183.4
326,747,29.88,176.2,154.7
11,748,29.92,567.3,55.5
56,748,29.92,734.4,203.0
225,748,29.92,461.7,49.4
270,748,29.92,260.9,80.8
286,748,29.92,167.8,123.0
292,748,29.92,333.5,151.6
308,748,29.92,259.8,184.5
11,749,29.96,567.4,55.5
56,749,29.96,734.4,203.4
225,749,29.96,464.0,49.8
270,749,29.96,261.0,80.0
286,749,29.96,167.6,121.4
292,749,29.96,333.4,151.8
308,749,29.96,260.2,185.7
11,750,30.0,567.4,55.6
56,750,30.0,734.5,203.7
225,750,30.0,464.6,49.9
270,750,30.0,261.0,79.7
286,750,30.0,167.5,121.3
292,750,30.0,333.4,151.8
308,750,30.0,261.1,184.9
326,750,30.0,180.9,186.0
11,751,30.04,567.6,55.4
56,751,30.04,734.3,202.9
225,751,30.04,463.9,49.9
270,751,30.04,261.1,79.2
286,751,30.04,167.6,121.2
292,751,30.04,333.2,152.1
308,751,30.04,261.2,184.4
326,751,30.04,187.3,192.3
11,752,30.08,567.5,55.5
56,752,30.08,734.4,198.1
225,752,30.08,462.3,49.7
270,752,30.08,261.1,79.1
286,752,30.08,167.8,121.5
292,752,30.08,333.2,152.2
308,752,30.08,263.8,183.0
326,752,30.08,188.3,193.5
11,753,30.12,567.6,55.0
56,753,30.12,734.2,195.5
225,753,30.12,462.9,49.5
270,753,30.12,261.2,79.1
286,753,30.12,168.6,122.8
292,753,30.12,333.4,152.1
308,753,30.12,264.1,183.0
326,753,30.12,187.5,194.8
11,754,30.16,567.6,54.8
56,754,30.16,734.2,194.9
225,754,30.16,462.3,49.4
270,754,30.16,261.2,79.0
286,754,30.16,168.2,122.2
292,754,30.16,333.4,152.1
308,754,30.16,265.9,182.7
326,754,30.16,189.0,194.6
11,755,30.2,567.5,54.6
56,755,30.2,734.2,194.7
225,755,30.2,462.5,49.4
270,755,30.2,261.3,78.9
286,755,30.2,167.9,121.3
292,755,30.2,333.4,152.1
11,756,30.24,567.5,55.0
56,756,30.24,734.2,195.0
225,756,30.24,462.4,49.5
270,756,30.24,261.3,79.1
286,756,30.24,168.0,120.8
292,756,30.24,333.5,152.0
308,756,30.24,266.7,183.0
11,757,30.28,567.5,55.4
56,757,30.28,734.6,193.6
225,757,30.28,462.0,49.6
270,757,30.28,261.3,79.2
286,757,30.28,167.9,120.6
292,757,30.28,333.5,151.9
308,757,30.28,257.8,198.7
11,758,30.32,567.6,55.5
56,758,30.32,735.6,192.7
225,758,30.32,461.5,49.6
270,758,30.32,261.2,79.1
286,758,30.32,168.1,121.0
292,758,30.32,333.4,151.7
308,758,30.32,255.2,203.9
11,759,30.36,567.4,55.6
56,759,30.36,736.2,191.8
225,759,30.36,461.5,49.0
270,759,30.36,261.2,79.0
286,759,30.36,167.9,120.9
292,759,30.36,333.1,150.9
308,759,30.36,254.2,205.9
11,760,30.4,567.5,55.8
56,760,30.4,736.6,191.4
225,760,30.4,462.9,48.9
270,760,30.4,261.1,78.7
286,760,30.4,167.8,121.2
292,760,30.4,333.0,150.3
308,760,30.4,253.8,206.1
11,761,30.44,567.4,55.8
56,761,30.44,736.9,191.5
225,761,30.44,462.3,48.9
270,761,30.44,261.1,78.6
286,761,30.44,167.9,121.3
292,761,30.44,332.9,150.1
308,761,30.44,253.2,205.6
11,762,30.48,567.6,55.4
56,762,30.48,736.7,192.1
225,762,30.48,461.9,49.1
270,762,30.48,261.1,78.7
286,762,30.48,167.8,122.0
292,762,30.48,332.8,149.9
308,762,30.48,252.3,205.7
11,763,30.52,567.4,55.3
56,763,30.52,736.7,194.9
225,763,30.52,461.5,49.5
270,763,30.52,261.2,78.9
286,763,30.52,167.8,122.1
292,763,30.52,332.7,150.1
308,763,30.52,251.9,205.4
11,764,30.56,567.4,55.3
56,764,30.56,736.5,194.7
225,764,30.56,461.6,49.4
270,764,30.56,261.2,78.8
286,764,30.56,168.0,122.4
292,764,30.56,332.7,150.5
308,764,30.56,252.5,205.5
11,765,30.6,567.4,55.3
56,765,30.6,736.4,193.6
225,765,30.6,461.8,49.2
270,765,30.6,261.2,78.8
286,765,30.6,168.3,122.4
292,765,30.6,332.7,150.4
308,765,30.6,252.6,205.7
11,766,30.64,567.5,55.2
56,766,30.64,736.3,193.2
225,766,30.64,461.7,49.2
270,766,30.64,261.1,78.7
286,766,30.64,168.4,122.3
292,766,30.64,332.6,150.7
308,766,30.64,253.2,205.9
11,767,30.68,567.3,55.2
56,767,30.68,736.1,193.1
225,767,30.68,461.7,48.9
270,767,30.68,261.1,78.3
286,767,30.68,168.3,122.6
292,767,30.68,332.6,150.7
308,767,30.68,252.5,205.9
11,768,30.72,567.1,55.2
56,768,30.72,735.9,193.2
225,768,30.72,461.7,49.2
270,768,30.72,261.1,78.1
286,768,30.72,168.6,122.2
292,768,30.72,332.6,150.9
308,768,30.72,252.7,206.1
11,769,30.76,567.3,55.3
56,769,30.76,735.8,193.3
225,769,30.76,461.6,49.6
270,769,30.76,261.1,78.1
286,769,30.76,169.1,122.4
292,769,30.76,332.6,150.7
308,769,30.76,253.1,205.7
358,769,30.76,187.6,195.8
11,770,30.8,567.3,55.3
56,770,30.8,735.9,193.6
225,770,30.8,461.6,49.6
270,770,30.8,261.1,78.1
286,770,30.8,169.2,122.5
292,770,30.8,332.6,150.5
308,770,30.8,253.0,205.6
358,770,30.8,186.2,197.6
11,771,30.84,567.3,55.3
56,771,30.84,736.0,194.0
225,771,30.84,461.5,49.5
270,771,30.84,261.1,78.1
286,771,30.84,169.4,122.5
292,771,30.84,332.6,150.6
308,771,30.84,252.6,205.8
358,771,30.84,186.4,199.9
11,772,30.88,567.3,55.4
56,772,30.88,735.9,194.2
225,772,30.88,461.6,49.5
270,772,30.88,261.0,78.2
286,772,30.88,169.6,122.3
292,772,30.88,332.7,151.0
308,772,30.88,252.1,206.3
358,772,30.88,186.7,200.2
11,773,30.92,567.2,55.4
56,773,30.92,736.0,194.4
225,773,30.92,461.5,49.4
270,773,30.92,261.0,78.1
286,773,30.92,169.7,122.2
292,773,30.92,332.8,151.3
308,773,30.92,252.6,206.1
358,773,30.92,186.7,199.8
11,774,30.96,567.2,55.4
56,774,30.96,735.9,194.5
225,774,30.96,461.4,49.3
270,774,30.96,261.1,78.1
286,774,30.96,169.5,122.1
292,774,30.96,332.9,151.5
308,774,30.96,252.7,206.0
358,774,30.96,186.8,199.4
11,775,31.0,567.2,55.3
56,775,31.0,735.9,194.3
225,775,31.0,461.4,49.3
270,775,31.0,260.9,78.1
286,775,31.0,169.5,122.2
292,775,31.0,332.9,151.7
308,775,31.0,252.7,206.0
358,775,31.0,186.6,199.1
11,776,31.04,567.4,55.2
56,776,31.04,735.8,194.3
225,776,31.04,461.4,49.4
270,776,31.04,261.1,78.3
286,776,31.04,169.3,122.0
292,776,31.04,333.0,151.6
308,776,31.04,252.5,206.0
358,776,31.04,187.0,199.3
11,777,31.08,567.5,55.3
56,777,31.08,735.8,194.3
225,777,31.08,461.3,49.4
270,777,31.08,261.0,78.4
286,777,31.08,169.4,122.1
292,777,31.08,332.8,151.4
308,777,31.08,252.8,205.9
358,777,31.08,187.8,200.7
11,778,31.12,567.5,55.3
56,778,31.12,735.8,194.3
225,778,31.12,461.4,49.4
270,778,31.12,261.0,78.6
286,778,31.12,169.4,122.0
292,778,31.12,332.9,151.7
308,778,31.12,253.3,205.6
358,778,31.12,187.9,200.2
11,779,31.16,567.6,55.3
56,779,31.16,735.8,194.3
225,779,31.16,461.7,49.7
270,779,31.16,261.1,78.7
286,779,31.16,169.4,121.9
292,779,31.16,332.8,151.9
308,779,31.16,253.3,205.7
358,779,31.16,188.0,200.0
11,780,31.2,567.5,55.3
56,780,31.2,735.8,194.2
225,780,31.2,461.6,49.5
270,780,31.2,261.0,78.7
286,780,31.2,169.5,121.9
292,780,31.2,332.8,151.2
308,780,31.2,253.1,205.4
358,780,31.2,187.8,199.5
11,781,31.24,567.5,54.6
56,781,31.24,735.8,193.6
225,781,31.24,464.2,49.2
270,781,31.24,262.6,78.7
286,781,31.24,168.3,121.2
292,781,31.24,332.4,150.0
308,781,31.24,253.3,205.1
358,781,31.24,187.9,207.6
11,782,31.28,567.5,54.3
56,782,31.28,735.8,193.4
225,782,31.28,465.3,49.2
270,782,31.28,263.2,78.7
286,782,31.28,167.9,120.9
292,782,31.28,332.2,149.0
308,782,31.28,253.5,204.9
11,783,31.32,567.5,54.0
56,783,31.32,735.8,193.3
225,783,31.32,463.4,49.3
270,783,31.32,262.6,78.8
286,783,31.32,167.7,120.8
292,783,31.32,332.3,148.5
308,783,31.32,253.4,204.5
11,784,31.36,567.5,53.9
56,784,31.36,735.8,193.3
225,784,31.36,463.4,49.3
270,784,31.36,262.4,78.8
286,784,31.36,167.6,120.8
292,784,31.36,332.1,148.2
308,784,31.36,253.5,204.5
11,785,31.4,567.5,53.8
56,785,31.4,735.8,193.3
225,785,31.4,463.9,49.6
270,785,31.4,262.1,78.8
286,785,31.4,167.6,120.8
292,785,31.4,332.1,148.3
308,785,31.4,253.6,204.6
11,786,31.44,567.5,53.9
56,786,31.44,735.9,193.3
225,786,31.44,463.3,49.9
270,786,31.44,262.2,78.8
286,786,31.44,167.6,120.8
292,786,31.44,332.1,148.3
308,786,31.44,253.5,204.7
11,787,31.48,567.5,53.9
56,787,31.48,735.9,193.3
225,787,31.48,462.9,49.9
270,787,31.48,262.2,78.9
286,787,31.48,167.6,120.8
292,787,31.48,332.1,148.3
308,787,31.48,253.3,204.5
11,788,31.52,567.5,53.9
56,788,31.52,735.9,193.3
225,788,31.52,462.9,50.1
270,788,31.52,262.1,78.9
286,788,31.52,167.6,120.8
292,788,31.52,332.1,148.2
308,788,31.52,253.2,204.4
11,789,31.56,567.5,53.9
56,789,31.56,735.9,193.3
225,789,31.56,462.9,50.1
270,789,31.56,262.3,78.9
286,789,31.56,167.6,120.8
292,789,31.56,332.1,148.2
308,789,31.56,253.2,204.2
11,790,31.6,567.4,54.0
56,790,31.6,736.0,193.4
225,790,31.6,462.7,49.9
270,790,31.6,262.2,78.8
286,790,31.6,167.6,120.8
292,790,31.6,332.0,148.0
308,790,31.6,253.6,203.6
11,791,31.64,567.4,53.9
56,791,31.64,735.9,193.3
225,791,31.64,462.8,49.7
270,791,31.64,262.0,78.7
286,791,31.64,167.5,120.6
292,791,31.64,332.1,147.9
308,791,31.64,253.7,203.4
11,792,31.68,567.4,53.9
56,792,31.68,735.9,193.3
225,792,31.68,462.5,49.3
270,792,31.68,261.9,78.7
286,792,31.68,167.5,120.6
292,792,31.68,332.0,147.8
308,792,31.68,254.9,203.3
11,793,31.72,567.4,54.0
56,793,31.72,736.0,193.3
225,793,31.72,462.7,49.5
270,793,31.72,262.0,78.7
286,793,31.72,167.5,120.5
292,793,31.72,332.0,147.8
308,793,31.72,255.3,203.3
11,794,31.76,567.4,54.0
56,794,31.76,736.0,193.4
225,794,31.76,462.7,48.9
270,794,31.76,262.0,78.8
286,794,31.76,167.5,120.5
292,794,31.76,332.1,147.8
308,794,31.76,255.5,203.4
11,795,31.8,567.4,54.0
56,795,31.8,736.0,193.4
225,795,31.8,463.3,48.7
270,795,31.8,261.9,78.9
286,795,31.8,167.5,120.5
292,795,31.8,332.2,147.9
308,795,31.8,255.6,202.9
11,796,31.84,567.4,53.8
56,796,31.84,736.0,193.4
225,796,31.84,463.9,48.7
270,796,31.84,262.0,78.9
286,796,31.84,167.6,120.5
292,796,31.84,332.2,147.9
308,796,31.84,254.4,204.0
11,797,31.88,567.4,53.9
56,797,31.88,736.0,193.4
225,797,31.88,463.4,49.0
270,797,31.88,261.9,78.9
286,797,31.88,167.7,120.6
292,797,31.88,332.2,147.9
308,797,31.88,253.9,204.5
11,798,31.92,567.4,53.9
56,798,31.92,736.0,193.4
225,798,31.92,463.5,49.1
270,798,31.92,261.8,78.8
286,798,31.92,167.7,120.6
292,798,31.92,332.2,147.8
308,798,31.92,253.6,204.7
11,799,31.96,567.4,53.8
56,799,31.96,736.0,193.5
225,799,31.96,463.5,49.1
270,799,31.96,261.9,78.8
286,799,31.96,167.7,120.6
292,799,31.96,332.1,147.8
308,799,31.96,253.0,205.2
11,800,32.0,567.4,53.8
56,800,32.0,735.9,193.4
225,800,32.0,463.1,49.1
270,800,32.0,262.3,78.8
286,800,32.0,167.7,120.5
292,800,32.0,332.1,147.7
308,800,32.0,252.6,205.3
11,801,32.04,567.4,53.8
56,801,32.04,735.9,193.3
225,801,32.04,462.9,49.2
270,801,32.04,262.5,78.9
286,801,32.04,167.7,120.5
292,801,32.04,332.1,147.7
308,801,32.04,252.1,205.3
11,802,32.08,567.4,53.8
56,802,32.08,735.8,193.3
225,802,32.08,462.9,49.2
270,802,32.08,262.4,78.9
286,802,32.08,167.7,120.6
292,802,32.08,332.1,147.7
308,802,32.08,252.0,205.4
11,803,32.12,567.4,53.8
56,803,32.12,735.8,193.3
225,803,32.12,463.5,49.4
270,803,32.12,262.4,78.8
286,803,32.12,167.6,120.6
292,803,32.12,332.1,147.6
308,803,32.12,252.1,204.8
11,804,32.16,567.3,53.7
56,804,32.16,735.8,193.3
225,804,32.16,463.3,49.3
270,804,32.16,262.2,78.8
286,804,32.16,167.6,120.5
292,804,32.16,332.1,147.6
308,804,32.16,254.0,204.2
11,805,32.2,567.3,53.7
56,805,32.2,735.7,193.3
225,805,32.2,463.0,49.2
270,805,32.2,262.1,78.7
286,805,32.2,167.6,120.5
292,805,32.2,332.1,147.6
308,805,32.2,253.5,203.5
11,806,32.24,567.4,53.6
56,806,32.24,735.7,193.3
225,806,32.24,463.5,49.1
270,806,32.24,262.3,78.6
286,806,32.24,167.7,120.5
292,806,32.24,332.1,147.6
308,806,32.24,253.8,202.8
11,807,32.28,567.4,53.6
56,807,32.28,735.7,193.3
225,807,32.28,463.8,48.9
270,807,32.28,262.4,78.5
286,807,32.28,167.4,120.5
292,807,32.28,332.1,147.6
11,808,32.32,567.4,53.7
56,808,32.32,735.7,193.3
225,808,32.32,463.5,48.7
270,808,32.32,262.4,78.5
286,808,32.32,167.4,120.5
292,808,32.32,332.0,147.7
308,808,32.32,263.0,187.0
364,808,32.32,196.3,199.2
11,809,32.36,567.4,53.8
56,809,32.36,735.7,193.2
225,809,32.36,463.4,48.6
270,809,32.36,262.3,78.6
286,809,32.36,167.4,120.5
292,809,32.36,331.9,147.7
308,809,32.36,265.2,183.2
364,809,32.36,196.3,199.7
11,810,32.4,567.5,53.9
56,810,32.4,735.7,193.2
225,810,32.4,462.8,48.9
270,810,32.4,262.3,78.6
286,810,32.4,167.5,120.5
292,810,32.4,331.8,147.8
308,810,32.4,265.5,182.3
364,810,32.4,190.5,199.9
11,811,32.44,567.7,53.9
56,811,32.44,735.8,191.9
225,811,32.44,462.6,49.1
270,811,32.44,262.3,78.8
286,811,32.44,167.3,120.6
292,811,32.44,331.8,147.8
308,811,32.44,265.8,181.8
364,811,32.44,191.9,200.6
365,811,32.44,602.4,710.5
11,812,32.48,567.8,53.9
56,812,32.48,735.6,189.9
225,812,32.48,462.6,49.2
270,812,32.48,262.4,78.6
286,812,32.48,167.3,120.6
292,812,32.48,331.7,147.7
308,812,32.48,266.3,181.7
364,812,32.48,194.0,210.7
11,813,32.52,567.6,53.9
56,813,32.52,735.9,189.2
225,813,32.52,462.6,49.1
270,813,32.52,262.2,78.5
286,813,32.52,167.3,120.4
292,813,32.52,331.6,147.5
308,813,32.52,266.2,181.7
364,813,32.52,194.3,214.4
11,814,32.56,567.6,53.9
56,814,32.56,735.9,189.6
225,814,32.56,462.7,49.0
270,814,32.56,261.6,78.5
286,814,32.56,167.3,120.5
292,814,32.56,331.6,147.6
308,814,32.56,266.3,181.7
364,814,32.56,194.8,214.6
11,815,32.6,567.5,54.0
56,815,32.6,735.8,190.8
225,815,32.6,463.0,49.0
270,815,32.6,261.4,78.4
286,815,32.6,167.2,120.6
292,815,32.6,331.6,147.6
308,815,32.6,265.6,182.0
364,815,32.6,191.1,205.9
11,816,32.64,567.6,53.8
56,816,32.64,736.0,191.2
225,816,32.64,463.2,48.8
270,816,32.64,261.5,78.5
286,816,32.64,167.7,120.6
292,816,32.64,331.7,147.6
308,816,32.64,263.4,185.7
364,816,32.64,189.6,201.8
11,817,32.68,567.6,53.8
56,817,32.68,736.3,191.3
225,817,32.68,463.2,49.0
270,817,32.68,261.7,78.6
286,817,32.68,167.9,120.6
292,817,32.68,331.6,147.6
308,817,32.68,261.9,187.6
364,817,32.68,193.5,200.6
11,818,32.72,567.6,53.8
56,818,32.72,736.3,191.6
225,818,32.72,463.1,49.0
270,818,32.72,261.9,78.5
286,818,32.72,167.9,120.6
292,818,32.72,331.6,147.6
308,818,32.72,261.7,187.8
364,818,32.72,190.9,200.0
11,819,32.76,567.5,53.8
56,819,32.76,736.3,192.1
225,819,32.76,463.1,49.0
270,819,32.76,262.1,78.5
286,819,32.76,167.4,120.8
292,819,32.76,331.6,147.7
308,819,32.76,263.7,184.4
364,819,32.76,191.2,199.7
11,820,32.8,567.5,53.9
56,820,32.8,736.2,192.6
225,820,32.8,463.1,48.9
270,820,32.8,262.2,78.6
286,820,32.8,167.3,120.9
292,820,32.8,331.6,147.7
308,820,32.8,261.3,188.2
364,820,32.8,191.5,199.6
11,821,32.84,567.5,54.0
56,821,32.84,736.1,194.0
225,821,32.84,463.3,48.9
270,821,32.84,262.6,78.5
286,821,32.84,167.2,120.8
292,821,32.84,331.6,147.7
308,821,32.84,260.1,189.7
364,821,32.84,194.1,199.5
11,822,32.88,567.4,54.0
56,822,32.88,735.8,194.2
225,822,32.88,463.1,48.9
270,822,32.88,262.1,78.5
286,822,32.88,167.1,120.9
292,822,32.88,331.7,147.9
308,822,32.88,260.5,188.7
364,822,32.88,195.1,199.4
11,823,32.92,567.3,54.0
56,823,32.92,735.7,194.7
225,823,32.92,463.3,49.1
270,823,32.92,262.0,78.5
286,823,32.92,167.6,121.4
292,823,32.92,331.8,148.2
308,823,32.92,263.1,185.3
364,823,32.92,195.3,199.6
11,824,32.96,567.2,54.1
56,824,32.96,735.6,194.5
225,824,32.96,463.3,49.2
270,824,32.96,262.1,78.6
286,824,32.96,167.6,121.4
292,824,32.96,332.0,147.7
308,824,32.96,264.8,183.3
364,824,32.96,195.6,199.6
11,825,33.0,567.1,54.1
56,825,33.0,735.6,193.8
225,825,33.0,463.1,49.3
270,825,33.0,262.0,78.6
286,825,33.0,167.7,121.5
292,825,33.0,331.8,148.0
308,825,33.0,265.3,182.6
364,825,33.0,196.0,199.3
11,826,33.04,567.1,54.1
56,826,33.04,735.6,193.3
225,826,33.04,463.0,49.1
270,826,33.04,262.0,78.7
286,826,33.04,167.8,121.4
292,826,33.04,331.7,148.0
308,826,33.04,265.4,182.6
364,826,33.04,196.3,199.2
11,827,33.08,567.2,54.1
56,827,33.08,735.6,193.2
225,827,33.08,463.0,49.0
270,827,33.08,261.9,78.6
286,827,33.08,167.6,121.9
292,827,33.08,331.9,148.4
308,827,33.08,265.4,184.1
364,827,33.08,196.1,199.3
368,827,33.08,569.0,283.1
11,828,33.12,567.3,54.0
56,828,33.12,735.6,193.2
225,828,33.12,463.3,49.1
270,828,33.12,261.5,78.6
286,828,33.12,167.4,122.1
292,828,33.12,333.2,148.7
308,828,33.12,265.4,183.7
364,828,33.12,196.2,199.3
368,828,33.12,561.0,256.0
11,829,33.16,567.2,54.0
56,829,33.16,735.6,193.1
225,829,33.16,463.8,50.5
270,829,33.16,261.6,78.5
286,829,33.16,167.5,122.1
292,829,33.16,334.2,148.0
308,829,33.16,265.3,184.2
364,829,33.16,196.1,199.3
368,829,33.16,556.0,217.0
11,830,33.2,567.3,54.4
56,830,33.2,735.6,193.1
225,830,33.2,463.7,50.0
270,830,33.2,261.7,78.5
286,830,33.2,167.4,121.9
292,830,33.2,335.0,148.4
308,830,33.2,265.5,184.9
364,830,33.2,196.1,199.3
368,830,33.2,555.4,195.2
11,831,33.24,567.1,54.1
225,831,33.24,463.4,49.6
270,831,33.24,261.7,78.3
286,831,33.24,167.6,121.6
292,831,33.24,335.3,147.8
308,831,33.24,265.3,185.4
364,831,33.24,196.5,199.4
368,831,33.24,560.0,182.2
11,832,33.28,567.4,53.9
225,832,33.28,462.9,49.4
270,832,33.28,261.5,78.3
286,832,33.28,167.9,121.5
292,832,33.28,335.6,147.9
308,832,33.28,265.4,184.6
364,832,33.28,196.6,199.5
368,832,33.28,565.4,156.2
11,833,33.32,567.5,53.5
225,833,33.32,462.8,48.9
270,833,33.32,261.4,78.3
286,833,33.32,168.0,121.4
292,833,33.32,335.8,148.6
308,833,33.32,265.3,186.5
364,833,33.32,196.6,199.4
368,833,33.32,575.3,136.4
11,834,33.36,567.6,53.1
225,834,33.36,462.9,49.3
270,834,33.36,261.5,78.4
286,834,33.36,167.9,121.4
292,834,33.36,335.9,149.1
308,834,33.36,265.3,188.4
364,834,33.36,196.3,199.9
368,834,33.36,581.5,127.6
369,834,33.36,237.9,633.2
11,835,33.4,567.2,53.3
225,835,33.4,462.7,51.6
270,835,33.4,261.4,78.2
286,835,33.4,167.8,121.3
292,835,33.4,336.0,148.6
308,835,33.4,263.9,188.0
364,835,33.4,196.3,203.1
368,835,33.4,597.0,118.4
369,835,33.4,237.7,633.5
11,836,33.44,566.1,54.2
225,836,33.44,462.4,49.7
270,836,33.44,261.4,78.3
286,836,33.44,167.7,121.4
292,836,33.44,335.9,148.7
308,836,33.44,266.2,184.2
364,836,33.44,196.1,202.7
368,836,33.44,603.6,107.8
369,836,33.44,237.5,633.7
11,837,33.48,566.4,56.3
225,837,33.48,462.3,49.0
270,837,33.48,261.4,78.3
286,837,33.48,167.6,121.5
292,837,33.48,336.0,148.3
308,837,33.48,267.3,182.8
364,837,33.48,196.2,202.5
368,837,33.48,617.1,99.5
11,838,33.52,567.4,57.6
225,838,33.52,462.3,49.0
270,838,33.52,261.5,78.3
286,838,33.52,167.5,121.6
292,838,33.52,336.3,146.7
308,838,33.52,268.1,182.3
364,838,33.52,196.3,201.8
368,838,33.52,623.5,97.4
11,839,33.56,567.4,58.8
225,839,33.56,462.1,50.6
270,839,33.56,261.4,78.5
286,839,33.56,167.3,121.8
292,839,33.56,336.8,145.5
308,839,33.56,268.2,182.3
364,839,33.56,196.6,201.4
368,839,33.56,631.6,97.7
11,840,33.6,565.9,58.4
225,840,33.6,462.0,51.3
270,840,33.6,261.2,78.5
286,840,33.6,167.3,122.0
292,840,33.6,336.3,139.9
308,840,33.6,268.1,182.4
364,840,33.6,196.2,200.7
368,840,33.6,641.5,97.9
369,840,33.6,238.3,634.6
11,841,33.64,565.2,58.2
225,841,33.64,461.9,50.1
270,841,33.64,261.6,78.5
286,841,33.64,167.7,122.3
292,841,33.64,336.6,143.7
308,841,33.64,267.5,182.9
364,841,33.64,195.8,202.1
368,841,33.64,657.9,100.7
11,842,33.68,564.8,58.0
225,842,33.68,461.8,49.0
270,842,33.68,261.3,78.5
286,842,33.68,167.5,122.5
292,842,33.68,336.4,144.9
308,842,33.68,266.8,186.9
364,842,33.68,191.1,202.5
368,842,33.68,667.2,104.0
370,842,33.68,605.4,684.1
11,843,33.72,564.3,57.5
225,843,33.72,462.0,49.6
270,843,33.72,261.1,78.4
286,843,33.72,167.3,122.0
292,843,33.72,336.2,145.7
308,843,33.72,266.6,184.6
364,843,33.72,189.4,202.6
368,843,33.72,680.4,89.4
370,843,33.72,605.4,684.1
11,844,33.76,562.5,56.6
225,844,33.76,461.0,49.6
270,844,33.76,261.3,78.3
286,844,33.76,167.1,122.0
292,844,33.76,336.2,145.9
308,844,33.76,266.8,183.6
364,844,33.76,190.2,202.8
368,844,33.76,685.9,99.3
370,844,33.76,605.5,684.1
11,845,33.8,561.6,54.1
225,845,33.8,460.6,49.0
270,845,33.8,261.5,78.2
286,845,33.8,167.2,121.9
292,845,33.8,336.1,145.8
308,845,33.8,266.8,183.3
364,845,33.8,193.8,202.2
368,845,33.8,693.0,101.7
370,845,33.8,605.5,684.1
225,846,33.84,460.4,49.2
270,846,33.84,261.6,78.3
286,846,33.84,167.5,121.5
292,846,33.84,336.1,145.6
308,846,33.84,266.8,183.3
364,846,33.84,195.0,201.8
368,846,33.84,691.5,102.4
370,846,33.84,605.5,684.1
225,847,33.88,461.2,50.0
270,847,33.88,262.1,78.3
286,847,33.88,167.7,121.2
292,847,33.88,336.2,145.2
308,847,33.88,266.7,183.2
364,847,33.88,195.0,201.8
368,847,33.88,684.3,103.9
370,847,33.88,605.5,684.1
225,848,33.92,461.6,51.1
270,848,33.92,262.1,78.3
286,848,33.92,167.5,121.1
292,848,33.92,336.1,145.1
308,848,33.92,266.7,183.2
364,848,33.92,195.1,201.0
368,848,33.92,678.7,102.9
370,848,33.92,605.4,684.1
225,849,33.96,461.8,56.6
270,849,33.96,262.2,78.5
286,849,33.96,167.5,121.3
292,849,33.96,336.0,144.9
308,849,33.96,266.8,183.3
364,849,33.96,195.6,200.1
368,849,33.96,671.3,106.6
370,849,33.96,605.4,684.1
225,850,34.0,462.0,54.3
270,850,34.0,262.3,78.7
286,850,34.0,167.8,119.9
292,850,34.0,336.2,144.8
308,850,34.0,266.9,183.5
364,850,34.0,195.8,199.7
368,850,34.0,656.7,113.4
370,850,34.0,605.3,684.2
225,851,34.04,462.0,52.1
270,851,34.04,262.3,78.8
286,851,34.04,169.0,119.2
292,851,34.04,336.2,143.0
308,851,34.04,266.8,183.7
364,851,34.04,195.8,200.0
368,851,34.04,647.6,104.5
370,851,34.04,605.3,684.2
373,851,34.04,215.0,83.8
11,852,34.08,568.3,56.6
225,852,34.08,462.1,51.0
270,852,34.08,262.2,78.8
286,852,34.08,168.6,118.8
292,852,34.08,336.2,143.0
308,852,34.08,266.4,187.7
364,852,34.08,195.8,200.6
368,852,34.08,640.4,105.9
370,852,34.08,605.4,684.2
373,852,34.08,215.0,83.1
11,853,34.12,572.5,50.6
225,853,34.12,462.1,51.2
270,853,34.12,262.2,78.9
286,853,34.12,168.0,118.6
292,853,34.12,336.3,143.6
308,853,34.12,266.1,189.3
364,853,34.12,195.4,200.1
368,853,34.12,633.1,108.3
370,853,34.12,605.4,684.2
373,853,34.12,227.0,81.6
11,854,34.16,576.8,48.4
225,854,34.16,461.8,50.2
270,854,34.16,262.4,78.9
286,854,34.16,168.1,119.3
292,854,34.16,336.3,142.8
308,854,34.16,266.5,189.5
364,854,34.16,195.5,198.8
368,854,34.16,612.3,111.2
370,854,34.16,605.4,684.2
373,854,34.16,230.7,81.3
11,855,34.2,581.6,47.9
225,855,34.2,461.7,50.0
270,855,34.2,262.4,78.8
286,855,34.2,168.0,125.0
292,855,34.2,336.2,143.8
308,855,34.2,266.8,186.2
364,855,34.2,195.5,198.1
368,855,34.2,595.7,116.3
370,855,34.2,605.4,684.2
373,855,34.2,231.1,80.9
225,856,34.24,461.8,50.0
270,856,34.24,262.4,78.9
286,856,34.24,171.0,121.9
292,856,34.24,336.1,144.9
308,856,34.24,267.3,184.3
364,856,34.24,195.8,198.1
368,856,34.24,583.7,115.6
370,856,34.24,605.4,684.1
373,856,34.24,231.0,80.8
225,857,34.28,461.8,50.5
270,857,34.28,262.5,79.0
286,857,34.28,169.1,122.7
292,857,34.28,336.2,144.5
308,857,34.28,267.2,183.8
364,857,34.28,195.9,197.9
368,857,34.28,574.5,115.0
370,857,34.28,605.4,684.2
373,857,34.28,231.0,81.0
225,858,34.32,462.3,50.0
270,858,34.32,262.5,79.0
286,858,34.32,168.3,125.7
292,858,34.32,336.3,145.7
308,858,34.32,266.9,183.3
364,858,34.32,195.7,197.8
368,858,34.32,564.4,118.9
370,858,34.32,605.4,684.2
373,858,34.32,231.0,81.1
225,859,34.36,462.6,51.4
270,859,34.36,262.3,78.8
286,859,34.36,174.4,127.4
292,859,34.36,336.2,145.2
308,859,34.36,266.4,183.2
364,859,34.36,195.7,197.8
368,859,34.36,558.4,130.4
370,859,34.36,605.4,684.1
373,859,34.36,231.0,80.9
225,860,34.4,462.9,51.8
270,860,34.4,262.2,78.7
286,860,34.4,176.7,127.9
292,860,34.4,336.2,144.4
308,860,34.4,266.3,183.1
364,860,34.4,195.6,198.0
368,860,34.4,555.0,152.5
370,860,34.4,605.7,684.1
373,860,34.4,230.8,80.8
225,861,34.44,462.9,50.3
270,861,34.44,262.2,79.1
286,861,34.44,171.1,127.8
292,861,34.44,335.8,143.8
368,861,34.44,550.6,170.0
370,861,34.44,605.8,684.1
373,861,34.44,230.7,80.9
225,862,34.48,462.8,49.9
270,862,34.48,262.1,79.5
286,862,34.48,168.6,127.8
292,862,34.48,335.7,144.7
364,862,34.48,195.1,210.6
368,862,34.48,547.3,202.3
370,862,34.48,605.9,684.0
373,862,34.48,230.7,80.9
225,863,34.52,462.1,49.9
270,863,34.52,261.8,79.5
286,863,34.52,167.6,127.6
292,863,34.52,335.7,144.0
364,863,34.52,194.8,213.6
368,863,34.52,545.9,222.1
370,863,34.52,606.2,684.0
373,863,34.52,230.6,80.9
225,864,34.56,461.9,49.7
270,864,34.56,261.8,79.5
286,864,34.56,167.7,126.9
292,864,34.56,335.3,140.9
364,864,34.56,194.3,204.7
368,864,34.56,545.3,239.3
370,864,34.56,606.3,684.0
373,864,34.56,230.4,80.3
225,865,34.6,461.6,49.8
270,865,34.6,262.2,79.5
286,865,34.6,167.5,127.1
292,865,34.6,335.2,140.7
364,865,34.6,191.9,200.7
368,865,34.6,545.9,258.0
370,865,34.6,606.0,684.0
373,865,34.6,230.2,80.6
379,865,34.6,551.4,69.3
380,865,34.6,649.6,366.2
225,866,34.64,460.3,50.0
270,866,34.64,262.3,79.5
286,866,34.64,167.5,127.3
292,866,34.64,334.8,139.9
364,866,34.64,193.9,199.5
368,866,34.64,540.7,301.6
370,866,34.64,606.0,684.1
373,866,34.64,230.0,80.9
379,866,34.64,541.1,70.5
380,866,34.64,649.1,366.4
225,867,34.68,460.7,49.6
270,867,34.68,262.1,79.8
286,867,34.68,167.5,127.2
292,867,34.68,334.7,139.0
364,867,34.68,194.7,199.1
370,867,34.68,606.0,684.0
373,867,34.68,230.2,81.0
379,867,34.68,519.7,75.2
225,868,34.72,454.9,40.3
270,868,34.72,262.3,80.4
286,868,34.72,167.6,126.9
292,868,34.72,334.7,140.5
364,868,34.72,195.0,198.9
370,868,34.72,606.0,684.1
373,868,34.72,229.9,80.9
379,868,34.72,504.7,79.7
225,869,34.76,448.3,35.6
270,869,34.76,262.4,80.5
286,869,34.76,172.6,122.9
292,869,34.76,334.8,140.5
364,869,34.76,195.8,199.1
370,869,34.76,605.9,684.0
373,869,34.76,229.9,81.0
379,869,34.76,495.7,81.0
270,870,34.8,262.5,80.6
286,870,34.8,174.2,121.4
292,870,34.8,334.7,142.3
364,870,34.8,196.2,199.0
370,870,34.8,606.0,684.0
373,870,34.8,230.0,80.7
379,870,34.8,483.2,84.4
270,871,34.84,262.9,80.6
286,871,34.84,170.5,120.4
292,871,34.84,333.6,146.6
308,871,34.84,267.1,182.6
364,871,34.84,191.0,198.9
370,871,34.84,605.9,683.9
373,871,34.84,230.5,80.7
379,871,34.84,469.6,82.5
270,872,34.88,263.0,80.6
286,872,34.88,168.7,120.0
292,872,34.88,331.1,148.9
308,872,34.88,267.4,182.6
364,872,34.88,188.3,199.3
370,872,34.88,605.8,684.0
373,872,34.88,230.9,80.7
379,872,34.88,454.3,81.6
270,873,34.92,263.3,81.8
286,873,34.92,168.0,119.9
292,873,34.92,330.7,151.1
308,873,34.92,266.8,182.5
364,873,34.92,186.4,199.7
370,873,34.92,605.8,684.0
373,873,34.92,231.0,80.9
379,873,34.92,437.2,81.2
270,874,34.96,263.3,81.7
286,874,34.96,167.9,119.8
292,874,34.96,330.0,152.1
308,874,34.96,266.8,182.4
364,874,34.96,186.2,199.9
370,874,34.96,605.7,683.9
373,874,34.96,231.0,81.1
379,874,34.96,419.1,81.4
381,874,34.96,466.9,36.3
270,875,35.0,263.4,82.7
286,875,35.0,167.7,119.8
292,875,35.0,330.1,151.9
308,875,35.0,267.2,182.3
364,875,35.0,186.7,199.4
373,875,35.0,230.8,81.0
379,875,35.0,413.7,85.1
381,875,35.0,464.1,36.4
270,876,35.04,263.3,83.8
286,876,35.04,167.7,120.2
292,876,35.04,330.1,151.8
308,876,35.04,266.8,185.7
364,876,35.04,186.9,198.4
373,876,35.04,230.9,80.9
379,876,35.04,410.6,87.6
381,876,35.04,463.0,36.6
270,877,35.08,263.4,83.4
286,877,35.08,167.7,120.3
292,877,35.08,335.1,151.9
308,877,35.08,265.0,188.6
364,877,35.08,187.0,197.9
373,877,35.08,230.9,81.1
379,877,35.08,400.8,93.6
381,877,35.08,462.8,45.6
270,878,35.12,263.2,83.1
286,878,35.12,167.9,120.3
292,878,35.12,337.9,152.8
308,878,35.12,265.7,189.9
373,878,35.12,231.0,81.3
379,878,35.12,398.0,87.9
381,878,35.12,461.2,56.1
270,879,35.16,263.0,82.2
286,879,35.16,167.9,120.5
308,879,35.16,265.0,190.6
364,879,35.16,187.2,203.5
373,879,35.16,230.8,81.4
379,879,35.16,397.3,93.7
381,879,35.16,459.7,63.1
270,880,35.2,262.9,81.8
286,880,35.2,167.7,120.7
308,880,35.2,265.2,191.1
364,880,35.2,186.4,208.5
373,880,35.2,230.7,81.4
379,880,35.2,375.0,95.7
381,880,35.2,459.4,60.3
270,881,35.24,263.1,81.5
286,881,35.24,167.7,120.7
308,881,35.24,262.4,191.3
364,881,35.24,184.8,211.3
373,881,35.24,230.6,81.4
379,881,35.24,363.9,96.6
381,881,35.24,458.7,58.0
270,882,35.28,263.8,86.3
286,882,35.28,168.1,120.6
308,882,35.28,264.2,190.9
364,882,35.28,184.0,212.2
373,882,35.28,230.5,80.2
381,882,35.28,459.6,62.6
270,883,35.32,262.4,83.2
286,883,35.32,167.9,120.6
308,883,35.32,263.8,190.9
364,883,35.32,184.8,211.8
373,883,35.32,230.6,79.3
381,883,35.32,460.2,61.7
270,884,35.36,263.6,81.5
286,884,35.36,167.9,120.6
308,884,35.36,263.7,190.9
364,884,35.36,185.3,206.5
373,884,35.36,230.7,78.7
381,884,35.36,460.0,57.8
270,885,35.4,262.5,81.4
286,885,35.4,168.1,120.3
292,885,35.4,336.1,156.8
308,885,35.4,265.9,190.9
364,885,35.4,185.2,201.3
373,885,35.4,230.5,79.0
381,885,35.4,460.4,59.5
286,886,35.44,167.8,120.2
292,886,35.44,335.6,144.9
308,886,35.44,266.5,190.5
364,886,35.44,185.5,199.1
373,886,35.44,229.9,78.6
381,886,35.44,461.6,58.4
286,887,35.48,167.7,119.8
292,887,35.48,331.7,140.3
308,887,35.48,268.1,190.0
364,887,35.48,185.7,198.5
381,887,35.48,461.7,58.0
270,888,35.52,254.8,82.9
286,888,35.52,167.7,119.5
308,888,35.52,267.7,190.0
364,888,35.52,186.2,198.6
381,888,35.52,461.7,58.8
270,889,35.56,243.8,87.5
286,889,35.56,167.3,119.9
381,889,35.56,461.4,59.8
381,890,35.6,461.3,59.0
270,891,35.64,222.0,101.0
286,891,35.64,170.5,119.9
292,891,35.64,332.7,149.1
308,891,35.64,267.1,190.4
364,891,35.64,186.5,196.0
381,891,35.64,461.6,59.2
270,892,35.68,214.1,104.7
286,892,35.68,169.2,120.0
292,892,35.68,332.5,150.2
308,892,35.68,266.3,190.8
381,892,35.68,461.4,57.2
270,893,35.72,202.4,109.8
286,893,35.72,167.0,120.2
292,893,35.72,333.8,149.7
308,893,35.72,266.4,191.0
381,893,35.72,461.7,57.4
396,893,35.72,264.6,98.9
286,894,35.76,164.0,114.5
292,894,35.76,334.8,150.3
308,894,35.76,266.4,191.1
381,894,35.76,461.5,58.3
396,894,35.76,264.8,100.6
397,894,35.76,735.7,191.8
270,895,35.8,190.5,112.6
286,895,35.8,160.9,113.8
292,895,35.8,334.9,150.7
308,895,35.8,266.6,190.9
381,895,35.8,461.5,61.0
396,895,35.8,265.3,97.1
397,895,35.8,735.6,190.7
270,896,35.84,191.7,113.4
286,896,35.84,156.5,112.8
292,896,35.84,335.1,150.9
308,896,35.84,266.8,190.9
381,896,35.84,461.6,58.6
396,896,35.84,266.5,97.8
397,896,35.84,735.4,190.1
292,897,35.88,335.3,151.1
308,897,35.88,266.7,191.0
381,897,35.88,462.0,54.2
396,897,35.88,267.2,98.7
397,897,35.88,735.3,190.0
292,898,35.92,335.4,150.7
308,898,35.92,266.9,190.9
381,898,35.92,462.0,52.5
396,898,35.92,267.4,98.1
397,898,35.92,735.2,191.3
292,899,35.96,335.2,150.6
308,899,35.96,266.9,190.6
381,899,35.96,461.6,52.0
396,899,35.96,267.3,99.4
397,899,35.96,734.9,199.4
292,900,36.0,335.0,150.5
308,900,36.0,266.9,190.6
381,900,36.0,461.7,51.6
396,900,36.0,267.1,99.8
397,900,36.0,735.4,202.0
292,901,36.04,334.7,149.4
308,901,36.04,267.3,188.6
381,901,36.04,462.2,58.9
396,901,36.04,264.0,86.8
397,901,36.04,736.3,203.4
292,902,36.08,334.2,149.4
308,902,36.08,267.3,187.0
381,902,36.08,462.5,62.0
396,902,36.08,263.0,81.3
397,902,36.08,736.4,203.5
292,903,36.12,334.3,148.9
308,903,36.12,267.7,184.6
381,903,36.12,462.6,63.7
396,903,36.12,262.6,79.6
397,903,36.12,736.5,203.3
292,904,36.16,334.1,148.6
308,904,36.16,267.8,184.0
381,904,36.16,462.4,63.7
396,904,36.16,262.5,79.1
397,904,36.16,736.2,203.7
292,905,36.2,334.2,148.4
308,905,36.2,267.8,183.5
381,905,36.2,462.3,63.1
396,905,36.2,262.5,79.1
397,905,36.2,736.1,203.9
403,905,36.2,168.2,120.5
292,906,36.24,334.1,148.4
308,906,36.24,268.0,183.0
381,906,36.24,462.5,62.8
396,906,36.24,262.6,79.1
397,906,36.24,735.9,203.9
403,906,36.24,168.4,120.7
292,907,36.28,333.8,148.8
308,907,36.28,268.1,182.9
381,907,36.28,462.5,62.7
396,907,36.28,262.1,78.4
397,907,36.28,735.9,203.9
403,907,36.28,167.2,120.6
292,908,36.32,334.5,149.9
308,908,36.32,268.3,182.6
381,908,36.32,462.4,63.6
396,908,36.32,262.0,78.4
397,908,36.32,735.9,203.8
403,908,36.32,166.9,120.9
292,909,36.36,334.7,150.7
308,909,36.36,263.0,187.9
381,909,36.36,462.4,64.1
396,909,36.36,262.3,79.3
397,909,36.36,735.8,203.4
403,909,36.36,167.0,120.5
292,910,36.4,334.7,150.3
308,910,36.4,265.4,185.5
381,910,36.4,462.1,63.6
396,910,36.4,262.1,79.2
397,910,36.4,735.8,203.3
403,910,36.4,166.9,120.3
292,911,36.44,334.1,150.5
308,911,36.44,266.7,184.0
381,911,36.44,461.9,61.3
396,911,36.44,261.9,78.6
397,911,36.44,735.8,203.1
403,911,36.44,166.9,120.5
292,912,36.48,335.2,151.0
308,912,36.48,267.4,183.7
381,912,36.48,461.4,56.0
397,912,36.48,735.8,203.0
403,912,36.48,167.2,120.6
308,913,36.52,266.8,187.0
381,913,36.52,461.8,54.0
397,913,36.52,735.8,203.0
403,913,36.52,167.3,120.5
406,913,36.52,563.1,277.3
308,914,36.56,266.3,189.3
381,914,36.56,461.9,50.8
397,914,36.56,735.8,203.3
403,914,36.56,167.2,120.2
406,914,36.56,558.2,239.7
408,914,36.56,276.9,112.6
292,915,36.6,335.2,151.8
308,915,36.6,265.9,190.3
381,915,36.6,462.0,50.5
397,915,36.6,735.8,203.5
403,915,36.6,167.3,120.1
406,915,36.6,554.4,210.1
408,915,36.6,270.7,105.1
292,916,36.64,335.0,152.1
308,916,36.64,266.3,189.9
381,916,36.64,462.5,49.9
396,916,36.64,261.5,78.3
397,916,36.64,735.7,203.3
403,916,36.64,167.6,120.0
406,916,36.64,550.4,193.5
408,916,36.64,266.6,102.4
292,917,36.68,335.3,152.1
308,917,36.68,266.6,188.6
381,917,36.68,462.7,49.7
396,917,36.68,261.5,78.3
397,917,36.68,735.7,203.2
403,917,36.68,168.6,120.4
406,917,36.68,544.9,178.8
408,917,36.68,272.5,103.4
292,918,36.72,335.5,151.8
308,918,36.72,266.6,189.4
381,918,36.72,462.8,49.2
396,918,36.72,261.4,78.3
397,918,36.72,735.6,203.1
403,918,36.72,167.9,120.8
406,918,36.72,543.4,156.0
408,918,36.72,273.9,103.8
292,919,36.76,335.0,152.0
308,919,36.76,266.9,185.1
381,919,36.76,462.9,48.6
396,919,36.76,261.5,78.9
397,919,36.76,735.5,203.2
403,919,36.76,167.5,121.0
406,919,36.76,532.4,130.5
408,919,36.76,273.2,103.6
292,920,36.8,334.4,152.2
308,920,36.8,267.3,183.2
381,920,36.8,463.0,49.1
396,920,36.8,261.5,78.8
397,920,36.8,735.6,203.2
403,920,36.8,168.4,121.0
406,920,36.8,515.0,119.3
408,920,36.8,267.2,101.9
292,921,36.84,334.2,152.2
308,921,36.84,267.6,182.6
381,921,36.84,457.4,39.8
396,921,36.84,261.5,78.4
397,921,36.84,735.6,203.0
403,921,36.84,168.4,120.9
406,921,36.84,498.4,112.2
408,921,36.84,264.7,101.1
292,922,36.88,333.9,152.4
308,922,36.88,267.8,182.4
396,922,36.88,261.4,78.3
397,922,36.88,735.5,203.0
403,922,36.88,167.7,120.8
406,922,36.88,481.9,90.7
408,922,36.88,264.3,101.7
308,923,36.92,267.9,182.4
396,923,36.92,261.4,78.4
397,923,36.92,735.5,203.0
403,923,36.92,167.3,120.8
406,923,36.92,468.2,84.0
292,924,36.96,333.8,153.1
308,924,36.96,267.8,182.5
396,924,36.96,261.4,78.2
397,924,36.96,735.5,203.2
403,924,36.96,166.7,120.6
406,924,36.96,459.5,81.9
412,924,36.96,188.3,200.2
292,925,37.0,333.4,154.3
308,925,37.0,267.7,182.4
396,925,37.0,261.3,78.3
397,925,37.0,735.5,203.2
403,925,37.0,166.4,120.5
406,925,37.0,448.0,81.0
412,925,37.0,189.2,200.2
292,926,37.04,331.7,140.1
308,926,37.04,267.6,182.4
381,926,37.04,470.4,36.4
396,926,37.04,261.3,78.0
397,926,37.04,735.5,203.1
403,926,37.04,166.1,120.3
406,926,37.04,437.9,80.0
412,926,37.04,190.1,200.1
292,927,37.08,330.6,134.9
308,927,37.08,267.4,182.5
381,927,37.08,471.8,36.3
396,927,37.08,261.3,78.1
397,927,37.08,735.5,203.1
403,927,37.08,166.9,120.4
406,927,37.08,429.7,78.3
412,927,37.08,190.1,199.7
292,928,37.12,330.6,132.6
308,928,37.12,267.4,182.6
381,928,37.12,472.6,36.3
396,928,37.12,261.4,78.0
397,928,37.12,735.5,203.1
403,928,37.12,167.1,120.5
406,928,37.12,428.0,77.7
412,928,37.12,189.6,199.4
292,929,37.16,330.9,129.7
308,929,37.16,267.1,182.6
381,929,37.16,474.4,36.1
396,929,37.16,261.3,78.1
397,929,37.16,735.5,203.1
403,929,37.16,167.6,120.5
406,929,37.16,435.7,76.4
412,929,37.16,188.7,199.2
292,930,37.2,332.0,131.7
308,930,37.2,266.6,182.8
396,930,37.2,261.4,78.1
397,930,37.2,735.5,203.1
403,930,37.2,167.9,120.4
406,930,37.2,446.5,76.8
412,930,37.2,188.9,199.4
292,931,37.24,333.0,138.6
308,931,37.24,266.6,182.7
396,931,37.24,261.4,78.2
397,931,37.24,735.6,203.2
403,931,37.24,168.0,120.4
406,931,37.24,456.3,77.1
412,931,37.24,187.9,199.2
292,932,37.28,331.5,145.4
308,932,37.28,267.0,182.5
396,932,37.28,261.3,78.2
397,932,37.28,735.5,203.2
403,932,37.28,168.0,120.5
406,932,37.28,467.9,77.6
412,932,37.28,188.0,199.6
292,933,37.32,331.2,148.6
308,933,37.32,267.1,182.7
396,933,37.32,261.2,78.3
397,933,37.32,735.5,203.2
403,933,37.32,168.1,120.5
406,933,37.32,476.9,87.1
412,933,37.32,187.4,199.0
292,934,37.36,330.7,150.5
308,934,37.36,267.1,182.5
396,934,37.36,261.2,81.7
397,934,37.36,735.5,203.2
403,934,37.36,167.4,120.6
406,934,37.36,487.2,96.6
412,934,37.36,188.1,198.7
292,935,37.4,331.2,152.2
308,935,37.4,267.2,182.2
396,935,37.4,261.3,83.9
397,935,37.4,735.5,203.2
403,935,37.4,167.1,120.8
406,935,37.4,494.6,105.0
412,935,37.4,188.9,198.6
292,936,37.44,331.2,153.8
308,936,37.44,267.2,182.2
396,936,37.44,261.5,81.0
397,936,37.44,735.6,203.2
403,936,37.44,166.9,120.8
406,936,37.44,505.2,111.5
292,937,37.48,331.1,154.0
308,937,37.48,266.8,182.2
381,937,37.48,462.0,36.3
396,937,37.48,262.1,80.6
397,937,37.48,735.6,203.2
403,937,37.48,166.8,120.9
406,937,37.48,511.1,117.0
292,938,37.52,331.9,154.6
308,938,37.52,266.9,182.2
381,938,37.52,462.5,42.8
396,938,37.52,262.1,79.5
397,938,37.52,735.6,203.2
403,938,37.52,166.8,120.7
406,938,37.52,517.2,139.2
292,939,37.56,333.8,154.8
308,939,37.56,267.0,182.2
381,939,37.56,462.8,46.4
396,939,37.56,262.3,79.8
397,939,37.56,735.6,203.2
403,939,37.56,167.0,120.7
406,939,37.56,526.1,158.5
292,940,37.6,332.9,154.9
308,940,37.6,266.9,182.1
381,940,37.6,461.9,52.3
396,940,37.6,262.4,79.5
397,940,37.6,736.1,203.7
403,940,37.6,167.1,120.6
406,940,37.6,536.3,173.1
292,941,37.64,332.4,155.0
308,941,37.64,266.7,182.1
381,941,37.64,461.4,52.0
396,941,37.64,262.5,79.5
397,941,37.64,737.1,203.0
403,941,37.64,167.0,120.6
406,941,37.64,544.3,194.7
412,941,37.64,199.1,198.4
292,942,37.68,332.2,154.7
308,942,37.68,266.2,182.2
381,942,37.68,461.0,52.5
396,942,37.68,262.3,79.3
397,942,37.68,737.9,197.5
403,942,37.68,167.8,120.8
406,942,37.68,549.7,229.1
412,942,37.68,199.9,198.4
292,943,37.72,331.9,154.4
308,943,37.72,266.9,182.2
381,943,37.72,460.9,51.0
396,943,37.72,262.2,79.4
397,943,37.72,738.0,193.5
403,943,37.72,168.2,121.0
406,943,37.72,552.6,250.2
412,943,37.72,200.6,198.5
292,944,37.76,333.4,154.0
308,944,37.76,266.9,182.2
381,944,37.76,461.2,49.5
396,944,37.76,262.3,79.6
397,944,37.76,737.5,192.0
403,944,37.76,168.1,121.3
406,944,37.76,555.8,269.5
412,944,37.76,201.2,199.2
292,945,37.8,335.1,153.9
308,945,37.8,266.9,182.5
381,945,37.8,461.9,49.6
396,945,37.8,262.6,79.7
397,945,37.8,736.9,191.6
403,945,37.8,168.2,120.9
412,945,37.8,201.5,199.3
292,946,37.84,335.7,154.0
308,946,37.84,266.7,182.4
381,946,37.84,462.4,49.5
396,946,37.84,262.7,79.5
397,946,37.84,736.4,191.6
403,946,37.84,168.4,121.1
412,946,37.84,192.6,199.6
381,947,37.88,462.9,51.3
396,947,37.88,262.7,80.5
397,947,37.88,736.2,191.8
403,947,37.88,168.5,121.4
412,947,37.88,189.7,199.4
292,948,37.92,338.4,153.7
381,948,37.92,462.7,49.8
396,948,37.92,262.6,79.7
397,948,37.92,735.9,191.7
403,948,37.92,168.5,121.3
412,948,37.92,189.2,199.3
420,948,37.92,214.5,87.0
292,949,37.96,337.5,153.0
381,949,37.96,461.2,49.7
396,949,37.96,262.8,79.2
397,949,37.96,735.8,191.7
403,949,37.96,168.4,121.4
412,949,37.96,188.7,199.3
420,949,37.96,214.3,86.6
292,950,38.0,337.4,152.6
381,950,38.0,461.0,50.1
396,950,38.0,262.8,78.8
397,950,38.0,735.8,191.5
403,950,38.0,168.6,121.6
412,950,38.0,188.4,199.3
420,950,38.0,214.7,86.6
292,951,38.04,336.8,152.0
308,951,38.04,265.1,183.8
381,951,38.04,461.1,49.9
396,951,38.04,262.8,78.6
397,951,38.04,735.8,191.6
403,951,38.04,168.7,121.6
412,951,38.04,188.3,198.7
420,951,38.04,214.9,86.8
292,952,38.08,338.1,153.1
308,952,38.08,262.2,189.1
381,952,38.08,461.3,50.2
396,952,38.08,262.8,78.4
397,952,38.08,735.8,191.4
403,952,38.08,168.7,121.7
412,952,38.08,188.9,198.7
420,952,38.08,215.1,86.7
292,953,38.12,337.6,154.2
308,953,38.12,264.4,188.7
381,953,38.12,461.5,50.2
396,953,38.12,262.9,78.7
397,953,38.12,735.8,191.3
403,953,38.12,168.5,121.7
412,953,38.12,189.8,198.6
420,953,38.12,214.2,87.1
292,954,38.16,335.2,154.3
308,954,38.16,265.6,187.0
381,954,38.16,461.2,50.2
396,954,38.16,262.8,79.3
397,954,38.16,735.9,191.7
403,954,38.16,168.4,121.6
412,954,38.16,190.2,198.5
420,954,38.16,214.9,87.3
292,955,38.2,333.9,154.2
308,955,38.2,266.0,188.4
381,955,38.2,461.0,50.1
396,955,38.2,262.8,81.3
397,955,38.2,735.9,191.9
403,955,38.2,168.0,121.4
412,955,38.2,197.2,198.6
420,955,38.2,214.7,87.2
292,956,38.24,330.7,154.4
308,956,38.24,264.7,189.8
381,956,38.24,460.9,50.1
396,956,38.24,262.8,80.6
397,956,38.24,735.9,191.9
403,956,38.24,168.1,121.4
412,956,38.24,199.4,198.6
292,957,38.28,329.3,154.8
308,957,38.28,265.0,190.0
381,957,38.28,460.8,49.8
396,957,38.28,262.9,79.9
397,957,38.28,735.9,191.9
403,957,38.28,167.8,121.3
412,957,38.28,200.4,198.5
292,958,38.32,328.5,155.1
308,958,38.32,264.9,189.9
381,958,38.32,460.9,49.7
396,958,38.32,263.0,80.0
397,958,38.32,736.1,191.7
403,958,38.32,167.7,121.3
412,958,38.32,201.2,198.5
292,959,38.36,327.5,155.5
308,959,38.36,263.8,194.4
381,959,38.36,460.9,50.1
396,959,38.36,262.8,79.6
397,959,38.36,736.2,191.4
403,959,38.36,167.9,121.2
412,959,38.36,202.1,198.8
292,960,38.4,327.6,156.1
308,960,38.4,263.5,196.0
381,960,38.4,460.9,50.0
396,960,38.4,262.8,86.4
397,960,38.4,736.2,191.3
403,960,38.4,167.9,121.2
412,960,38.4,201.8,198.9
292,961,38.44,328.3,157.1
308,961,38.44,258.5,196.7
381,961,38.44,461.2,57.2
396,961,38.44,262.6,89.4
397,961,38.44,736.2,191.1
403,961,38.44,167.5,121.6
412,961,38.44,201.6,199.2
292,962,38.48,328.5,157.5
308,962,38.48,262.7,188.4
381,962,38.48,461.2,60.1
396,962,38.48,262.4,90.4
397,962,38.48,736.1,191.0
403,962,38.48,167.4,121.6
412,962,38.48,201.4,199.1
292,963,38.52,328.6,157.5
308,963,38.52,264.9,184.6
381,963,38.52,461.4,57.5
396,963,38.52,262.3,90.7
397,963,38.52,736.1,190.9
403,963,38.52,167.3,121.7
412,963,38.52,201.1,199.1
292,964,38.56,328.3,156.2
308,964,38.56,267.3,183.2
381,964,38.56,459.9,57.7
396,964,38.56,262.0,84.2
397,964,38.56,736.1,191.0
403,964,38.56,167.3,121.8
412,964,38.56,200.9,199.2
292,965,38.6,328.3,155.5
308,965,38.6,265.7,187.2
381,965,38.6,461.0,58.5
396,965,38.6,261.9,81.6
397,965,38.6,736.0,191.1
403,965,38.6,167.5,121.8
412,965,38.6,200.9,199.3
292,966,38.64,328.5,155.2
308,966,38.64,265.5,184.6
381,966,38.64,462.6,56.2
396,966,38.64,261.9,81.0
397,966,38.64,736.0,190.9
403,966,38.64,167.6,121.7
412,966,38.64,193.5,197.7
292,967,38.68,328.7,154.9
308,967,38.68,266.5,183.0
381,967,38.68,462.3,56.6
396,967,38.68,261.8,80.5
397,967,38.68,735.9,191.1
403,967,38.68,167.7,121.7
412,967,38.68,190.2,197.8
292,968,38.72,329.4,154.1
308,968,38.72,254.7,183.0
381,968,38.72,462.3,55.6
396,968,38.72,261.8,82.0
397,968,38.72,735.9,191.1
403,968,38.72,168.0,122.0
412,968,38.72,190.2,195.3
425,968,38.72,505.8,660.9
292,969,38.76,330.8,154.1
308,969,38.76,237.2,187.8
381,969,38.76,462.3,52.4
396,969,38.76,261.3,81.2
397,969,38.76,735.8,191.5
403,969,38.76,168.1,121.8
412,969,38.76,190.2,191.4
292,970,38.8,331.1,152.8
308,970,38.8,254.3,183.7
381,970,38.8,462.3,51.3
396,970,38.8,261.6,79.6
397,970,38.8,735.7,191.9
403,970,38.8,167.8,121.7
412,970,38.8,189.4,187.2
292,971,38.84,330.6,151.9
308,971,38.84,260.4,186.2
381,971,38.84,462.3,53.5
396,971,38.84,261.8,79.1
397,971,38.84,735.6,192.2
403,971,38.84,167.2,120.9
292,972,38.88,332.8,152.5
308,972,38.88,262.5,185.9
381,972,38.88,462.5,52.0
396,972,38.88,262.0,78.9
397,972,38.88,735.6,192.2
403,972,38.88,166.7,121.0
292,973,38.92,333.9,151.6
308,973,38.92,263.2,184.6
381,973,38.92,462.5,51.2
396,973,38.92,264.4,93.7
397,973,38.92,735.6,192.3
403,973,38.92,166.2,120.3
292,974,38.96,334.5,146.0
308,974,38.96,264.2,185.2
381,974,38.96,462.5,51.2
396,974,38.96,266.0,99.8
397,974,38.96,735.6,192.2
403,974,38.96,162.2,119.6
292,975,39.0,335.0,140.3
308,975,39.0,264.3,183.5
381,975,39.0,462.6,53.0
396,975,39.0,262.9,87.5
397,975,39.0,735.5,192.2
403,975,39.0,164.6,119.6
292,976,39.04,335.3,135.2
308,976,39.04,262.3,183.0
381,976,39.04,462.4,51.4
396,976,39.04,261.5,81.5
397,976,39.04,735.5,192.0
403,976,39.04,166.1,119.6
292,977,39.08,335.7,133.1
308,977,39.08,262.1,184.7
381,977,39.08,462.2,50.9
396,977,39.08,260.9,79.4
397,977,39.08,735.5,191.8
403,977,39.08,166.3,119.5
292,978,39.12,335.1,133.7
308,978,39.12,262.1,185.3
381,978,39.12,462.2,51.2
396,978,39.12,260.7,78.5
397,978,39.12,735.6,191.7
403,978,39.12,166.9,120.6
292,979,39.16,334.3,135.7
308,979,39.16,262.4,185.5
381,979,39.16,462.3,50.8
396,979,39.16,260.5,78.8
397,979,39.16,735.7,191.7
403,979,39.16,166.6,120.7
428,979,39.16,176.3,155.9
292,980,39.2,334.3,139.6
308,980,39.2,263.5,187.9
381,980,39.2,462.5,51.0
396,980,39.2,260.5,79.0
397,980,39.2,735.7,191.8
403,980,39.2,167.0,122.1
428,980,39.2,176.1,156.4
292,981,39.24,334.1,142.9
308,981,39.24,264.0,188.9
381,981,39.24,462.6,51.7
396,981,39.24,261.1,78.8
397,981,39.24,735.6,191.7
403,981,39.24,166.7,122.1
428,981,39.24,176.3,156.5
292,982,39.28,333.5,144.7
308,982,39.28,264.1,188.9
381,982,39.28,462.8,54.3
396,982,39.28,260.7,78.7
397,982,39.28,735.6,191.7
403,982,39.28,166.6,121.7
428,982,39.28,176.5,156.2
292,983,39.32,332.8,145.4
308,983,39.32,263.6,188.4
381,983,39.32,462.8,54.5
396,983,39.32,261.0,78.7
397,983,39.32,735.6,191.7
403,983,39.32,166.6,120.6
428,983,39.32,176.7,156.1
292,984,39.36,332.6,145.5
308,984,39.36,263.6,188.3
381,984,39.36,462.7,55.3
396,984,39.36,261.2,78.8
397,984,39.36,735.6,191.7
403,984,39.36,167.2,120.5
428,984,39.36,177.1,154.9
292,985,39.4,331.9,146.0
308,985,39.4,264.1,188.4
381,985,39.4,462.5,52.0
396,985,39.4,261.2,78.7
397,985,39.4,735.6,191.8
403,985,39.4,168.1,120.4
428,985,39.4,177.9,156.6
292,986,39.44,335.5,146.9
308,986,39.44,264.1,187.5
381,986,39.44,462.6,52.5
396,986,39.44,261.6,78.7
397,986,39.44,735.5,191.9
403,986,39.44,169.5,119.9
292,987,39.48,338.9,147.4
308,987,39.48,264.3,186.9
381,987,39.48,462.4,51.0
396,987,39.48,261.5,78.6
397,987,39.48,735.5,191.9
403,987,39.48,169.8,119.4
292,988,39.52,346.4,147.0
308,988,39.52,264.0,183.3
381,988,39.52,461.8,50.3
396,988,39.52,261.6,78.8
397,988,39.52,735.5,191.9
403,988,39.52,169.8,119.2
428,988,39.52,181.8,196.0
292,989,39.56,351.5,148.0
308,989,39.56,264.1,176.8
381,989,39.56,461.0,55.3
396,989,39.56,261.5,79.0
397,989,39.56,735.5,191.9
403,989,39.56,169.8,119.4
428,989,39.56,183.7,209.9
292,990,39.6,352.0,148.5
308,990,39.6,263.7,170.9
381,990,39.6,460.4,57.9
396,990,39.6,261.5,78.7
397,990,39.6,735.5,191.9
403,990,39.6,169.3,119.5
428,990,39.6,190.0,198.5
434,990,39.6,458.9,35.2
292,991,39.64,352.9,148.7
308,991,39.64,263.0,169.7
381,991,39.64,461.9,52.9
396,991,39.64,261.4,78.7
397,991,39.64,735.5,191.9
403,991,39.64,169.2,119.6
434,991,39.64,461.3,34.9
292,992,39.68,352.7,147.1
308,992,39.68,262.7,170.0
381,992,39.68,462.6,51.0
396,992,39.68,261.4,78.7
397,992,39.68,735.5,192.0
403,992,39.68,168.8,119.7
434,992,39.68,462.8,35.1
437,992,39.68,564.3,279.4
292,993,39.72,352.7,146.4
308,993,39.72,262.3,170.3
381,993,39.72,462.8,50.3
396,993,39.72,261.2,78.7
397,993,39.72,735.5,191.9
403,993,39.72,168.9,119.8
434,993,39.72,463.2,35.0
437,993,39.72,561.0,268.0
292,994,39.76,349.8,137.4
308,994,39.76,262.7,170.5
381,994,39.76,463.0,52.5
396,994,39.76,261.2,78.6
397,994,39.76,735.5,191.9
403,994,39.76,169.0,119.8
434,994,39.76,463.3,35.0
437,994,39.76,556.0,240.4
292,995,39.8,349.3,134.6
308,995,39.8,262.8,170.6
381,995,39.8,463.2,55.1
396,995,39.8,261.0,79.0
397,995,39.8,735.5,192.0
403,995,39.8,168.9,119.8
434,995,39.8,463.7,37.8
437,995,39.8,553.2,213.0
292,996,39.84,350.5,133.5
308,996,39.84,262.2,170.7
381,996,39.84,463.1,52.6
396,996,39.84,260.9,79.0
397,996,39.84,735.5,192.0
403,996,39.84,168.9,119.8
434,996,39.84,463.4,36.3
437,996,39.84,548.6,192.9
292,997,39.88,353.7,132.6
308,997,39.88,262.7,170.7
381,997,39.88,463.2,51.7
396,997,39.88,260.9,79.0
397,997,39.88,735.5,192.0
403,997,39.88,169.0,120.0
434,997,39.88,463.1,35.4
437,997,39.88,543.5,181.1
292,998,39.92,356.9,132.4
308,998,39.92,262.9,170.8
381,998,39.92,463.4,51.6
396,998,39.92,260.9,79.1
397,998,39.92,735.5,191.9
403,998,39.92,172.1,120.3
434,998,39.92,463.3,31.8
437,998,39.92,538.9,168.6
292,999,39.96,360.7,135.5
308,999,39.96,263.4,171.1
381,999,39.96,463.5,52.6
396,999,39.96,260.8,79.0
397,999,39.96,735.6,191.9
403,999,39.96,170.2,120.2
434,999,39.96,463.0,32.6
437,999,39.96,533.8,144.1
292,1000,40.0,362.0,136.7
308,1000,40.0,263.6,171.3
381,1000,40.0,463.1,52.5
396,1000,40.0,260.8,79.0
397,1000,40.0,735.6,191.9
403,1000,40.0,169.5,120.2
437,1000,40.0,531.3,131.1
292,1001,40.04,361.8,136.2
308,1001,40.04,263.7,171.3
381,1001,40.04,462.7,51.7
396,1001,40.04,261.0,79.1
397,1001,40.04,735.6,192.0
403,1001,40.04,169.0,120.4
437,1001,40.04,531.7,122.7
292,1002,40.08,361.3,135.2
308,1002,40.08,260.1,181.1
381,1002,40.08,462.1,50.5
396,1002,40.08,261.0,79.5
397,1002,40.08,735.6,192.1
403,1002,40.08,168.9,120.5
437,1002,40.08,533.2,115.6
292,1003,40.12,360.8,136.8
308,1003,40.12,257.4,186.5
381,1003,40.12,462.1,52.8
396,1003,40.12,261.0,79.9
397,1003,40.12,735.7,192.1
403,1003,40.12,171.8,120.9
437,1003,40.12,532.6,95.4
292,1004,40.16,360.4,138.3
308,1004,40.16,254.7,191.8
381,1004,40.16,462.6,50.6
396,1004,40.16,261.0,80.0
397,1004,40.16,735.6,192.1
403,1004,40.16,170.0,120.8
437,1004,40.16,534.5,85.2
292,1005,40.2,361.1,138.3
308,1005,40.2,252.2,193.7
381,1005,40.2,462.9,49.7
396,1005,40.2,260.9,79.9
397,1005,40.2,735.6,192.1
403,1005,40.2,169.2,120.6
437,1005,40.2,532.7,82.2
292,1006,40.24,361.2,137.9
308,1006,40.24,246.7,200.7
381,1006,40.24,462.7,49.5
396,1006,40.24,260.9,79.9
397,1006,40.24,735.6,192.2
403,1006,40.24,168.7,120.4
437,1006,40.24,531.1,81.0
442,1006,40.24,189.2,193.4
292,1007,40.28,360.7,136.9
308,1007,40.28,246.5,204.9
381,1007,40.28,462.3,49.6
396,1007,40.28,261.1,80.0
397,1007,40.28,735.5,192.3
403,1007,40.28,168.3,120.3
437,1007,40.28,528.1,72.1
442,1007,40.28,189.5,195.3
292,1008,40.32,360.4,139.4
308,1008,40.32,247.7,205.9
381,1008,40.32,461.8,49.5
396,1008,40.32,261.2,80.1
397,1008,40.32,735.6,192.4
403,1008,40.32,168.1,120.2
437,1008,40.32,524.5,66.8
442,1008,40.32,189.8,194.9
292,1009,40.36,364.3,140.3
308,1009,40.36,246.6,206.8
381,1009,40.36,461.7,48.9
396,1009,40.36,261.2,79.8
397,1009,40.36,735.5,192.4
403,1009,40.36,168.2,120.2
437,1009,40.36,522.1,65.1
442,1009,40.36,188.3,194.6
292,1010,40.4,365.2,140.8
308,1010,40.4,246.1,207.1
381,1010,40.4,462.7,48.6
396,1010,40.4,261.3,79.9
403,1010,40.4,168.2,120.2
437,1010,40.4,520.1,64.9
442,1010,40.4,189.0,193.9
292,1011,40.44,365.8,138.4
308,1011,40.44,249.6,198.5
381,1011,40.44,462.7,48.4
396,1011,40.44,261.3,80.0
403,1011,40.44,168.5,120.3
437,1011,40.44,521.7,63.3
442,1011,40.44,189.1,192.5
292,1012,40.48,366.5,137.4
308,1012,40.48,249.7,199.6
381,1012,40.48,462.4,48.3
396,1012,40.48,261.2,79.9
403,1012,40.48,168.3,120.3
437,1012,40.48,524.5,65.0
442,1012,40.48,190.9,194.7
448,1012,40.48,229.6,80.7
292,1013,40.52,366.5,136.3
308,1013,40.52,258.1,190.4
381,1013,40.52,462.9,48.1
396,1013,40.52,261.2,79.7
403,1013,40.52,167.7,120.7
437,1013,40.52,528.1,70.2
442,1013,40.52,191.4,194.6
448,1013,40.52,229.6,80.6
292,1014,40.56,366.3,138.9
308,1014,40.56,261.0,186.1
381,1014,40.56,462.6,48.9
396,1014,40.56,261.3,79.7
403,1014,40.56,167.6,121.0
437,1014,40.56,531.2,74.1
442,1014,40.56,191.5,194.7
448,1014,40.56,229.6,80.6
451,1014,40.56,271.0,176.2
292,1015,40.6,365.5,139.1
308,1015,40.6,258.3,183.9
381,1015,40.6,462.6,49.1
396,1015,40.6,261.4,79.8
403,1015,40.6,167.3,121.3
437,1015,40.6,532.4,76.2
442,1015,40.6,191.8,193.5
448,1015,40.6,229.7,80.9
451,1015,40.6,270.5,178.8
292,1016,40.64,365.3,142.6
308,1016,40.64,259.5,183.0
381,1016,40.64,462.7,49.2
396,1016,40.64,261.4,79.8
403,1016,40.64,167.1,121.7
437,1016,40.64,537.7,77.4
442,1016,40.64,191.5,193.8
448,1016,40.64,229.7,81.0
451,1016,40.64,269.6,179.1
292,1017,40.68,365.3,143.9
381,1017,40.68,463.1,48.9
396,1017,40.68,261.5,79.8
403,1017,40.68,167.2,121.9
437,1017,40.68,540.6,77.5
442,1017,40.68,191.1,194.4
451,1017,40.68,270.2,179.0
292,1018,40.72,365.5,144.7
381,1018,40.72,463.2,48.9
396,1018,40.72,261.4,79.6
403,1018,40.72,167.2,121.9
437,1018,40.72,541.4,77.8
442,1018,40.72,190.2,194.9
451,1018,40.72,269.9,178.8
292,1019,40.76,365.7,147.5
381,1019,40.76,462.6,49.0
396,1019,40.76,261.5,79.6
403,1019,40.76,167.1,121.9
437,1019,40.76,543.7,91.4
442,1019,40.76,189.6,196.2
451,1019,40.76,270.1,178.0
292,1020,40.8,366.0,149.6
381,1020,40.8,462.0,49.7
396,1020,40.8,261.3,79.4
403,1020,40.8,167.1,121.7
437,1020,40.8,545.3,102.2
442,1020,40.8,188.2,198.5
451,1020,40.8,270.5,177.2
292,1021,40.84,366.4,150.0
381,1021,40.84,461.4,50.2
396,1021,40.84,262.1,79.3
403,1021,40.84,167.3,121.8
437,1021,40.84,541.6,110.8
442,1021,40.84,189.3,208.5
451,1021,40.84,270.5,177.4
292,1022,40.88,366.3,150.2
381,1022,40.88,461.3,50.7
396,1022,40.88,262.4,79.4
403,1022,40.88,167.5,121.8
437,1022,40.88,539.2,116.7
442,1022,40.88,189.7,207.8
451,1022,40.88,269.0,177.6
452,1022,40.88,140.1,14.1
292,1023,40.92,366.5,150.1
381,1023,40.92,462.3,49.9
396,1023,40.92,262.5,79.5
403,1023,40.92,167.5,121.9
437,1023,40.92,538.0,130.4
442,1023,40.92,189.7,208.8
451,1023,40.92,269.1,177.5
452,1023,40.92,140.1,14.1
292,1024,40.96,366.7,150.0
381,1024,40.96,462.9,49.7
396,1024,40.96,262.6,79.5
403,1024,40.96,167.5,121.7
437,1024,40.96,538.5,148.9
442,1024,40.96,190.3,211.7
451,1024,40.96,269.6,177.4
452,1024,40.96,140.1,14.1
292,1025,41.0,366.6,149.4
381,1025,41.0,462.9,49.1
396,1025,41.0,262.7,79.4
403,1025,41.0,167.3,121.8
437,1025,41.0,542.3,166.5
442,1025,41.0,189.9,213.0
451,1025,41.0,269.8,177.4
452,1025,41.0,140.0,14.1
292,1026,41.04,366.8,149.0
381,1026,41.04,462.5,49.0
396,1026,41.04,262.7,79.4
403,1026,41.04,167.6,121.7
437,1026,41.04,547.1,178.3
442,1026,41.04,189.9,207.9
451,1026,41.04,270.8,177.2
452,1026,41.04,140.0,14.1
292,1027,41.08,366.9,148.6
381,1027,41.08,459.6,49.7
396,1027,41.08,262.7,79.4
403,1027,41.08,167.9,121.3
437,1027,41.08,553.2,189.8
442,1027,41.08,190.4,208.9
451,1027,41.08,271.4,177.3
452,1027,41.08,140.0,14.1
292,1028,41.12,367.0,147.7
381,1028,41.12,458.9,48.7
396,1028,41.12,262.7,79.3
397,1028,41.12,735.0,203.0
403,1028,41.12,168.3,121.1
437,1028,41.12,558.5,221.7
442,1028,41.12,190.7,212.1
451,1028,41.12,271.5,176.9
452,1028,41.12,140.0,14.1
292,1029,41.16,367.1,147.4
381,1029,41.16,458.6,49.9
396,1029,41.16,262.6,79.4
397,1029,41.16,735.0,203.3
403,1029,41.16,168.4,121.1
437,1029,41.16,561.1,244.5
442,1029,41.16,191.2,213.5
451,1029,41.16,271.5,176.8
452,1029,41.16,140.0,14.1
292,1030,41.2,367.4,147.3
381,1030,41.2,460.1,50.2
396,1030,41.2,262.6,79.4
397,1030,41.2,735.0,203.3
403,1030,41.2,168.4,120.9
437,1030,41.2,561.7,265.8
442,1030,41.2,191.6,214.1
451,1030,41.2,271.5,176.7
452,1030,41.2,140.0,14.1
456,1030,41.2,459.6,34.4
292,1031,41.24,368.1,147.1
381,1031,41.24,459.9,50.0
396,1031,41.24,262.6,79.3
397,1031,41.24,735.0,203.3
403,1031,41.24,169.1,120.9
442,1031,41.24,192.6,214.2
451,1031,41.24,271.3,177.1
452,1031,41.24,140.0,14.1
456,1031,41.24,459.5,34.5
292,1032,41.28,367.8,144.8
381,1032,41.28,460.4,52.5
396,1032,41.28,262.5,79.2
397,1032,41.28,734.9,203.3
403,1032,41.28,168.4,120.6
442,1032,41.28,193.6,214.1
451,1032,41.28,271.0,177.2
452,1032,41.28,140.0,14.1
456,1032,41.28,459.6,34.8
292,1033,41.32,367.2,142.9
381,1033,41.32,460.0,50.6
396,1033,41.32,262.5,79.2
397,1033,41.32,734.9,195.6
403,1033,41.32,168.1,120.4
442,1033,41.32,193.7,214.3
451,1033,41.32,270.1,177.1
452,1033,41.32,140.0,14.1
456,1033,41.32,459.4,34.9
292,1034,41.36,366.8,142.5
381,1034,41.36,460.0,50.5
396,1034,41.36,262.5,79.2
397,1034,41.36,734.9,191.7
403,1034,41.36,168.2,120.5
442,1034,41.36,193.8,214.2
451,1034,41.36,270.6,176.9
452,1034,41.36,140.0,14.1
456,1034,41.36,459.3,34.8
292,1035,41.4,366.8,143.1
381,1035,41.4,459.9,49.8
396,1035,41.4,262.5,79.3
397,1035,41.4,734.7,189.4
403,1035,41.4,168.1,120.6
442,1035,41.4,194.2,214.2
451,1035,41.4,271.1,177.0
452,1035,41.4,140.0,14.1
456,1035,41.4,459.2,34.8
292,1036,41.44,364.1,141.4
381,1036,41.44,460.1,49.2
396,1036,41.44,262.5,79.3
397,1036,41.44,734.4,188.1
403,1036,41.44,168.0,120.7
442,1036,41.44,194.8,214.3
451,1036,41.44,271.0,176.9
452,1036,41.44,140.0,14.1
456,1036,41.44,459.3,34.8
292,1037,41.48,362.9,139.9
381,1037,41.48,460.7,50.0
396,1037,41.48,262.5,79.2
397,1037,41.48,734.9,188.1
403,1037,41.48,168.1,120.8
442,1037,41.48,193.5,214.3
451,1037,41.48,270.0,176.9
452,1037,41.48,140.0,14.1
456,1037,41.48,459.8,34.9
292,1038,41.52,362.8,139.2
381,1038,41.52,460.9,49.4
396,1038,41.52,262.4,79.3
397,1038,41.52,737.0,189.4
403,1038,41.52,168.2,120.8
442,1038,41.52,195.2,214.4
451,1038,41.52,268.9,175.7
452,1038,41.52,140.0,14.1
456,1038,41.52,460.1,34.6
292,1039,41.56,368.1,138.3
381,1039,41.56,461.7,48.4
396,1039,41.56,262.4,79.2
397,1039,41.56,737.9,190.5
403,1039,41.56,168.2,120.9
442,1039,41.56,193.5,214.5
451,1039,41.56,269.2,176.1
452,1039,41.56,140.1,14.1
456,1039,41.56,460.2,34.8
292,1040,41.6,370.2,139.0
381,1040,41.6,463.8,48.4
396,1040,41.6,262.5,79.2
397,1040,41.6,738.5,190.8
403,1040,41.6,168.1,120.9
442,1040,41.6,193.1,214.4
451,1040,41.6,269.4,174.8
452,1040,41.6,140.1,14.1
456,1040,41.6,460.6,35.1
292,1041,41.64,372.2,137.0
381,1041,41.64,465.0,48.0
396,1041,41.64,262.4,79.2
397,1041,41.64,738.1,189.5
403,1041,41.64,168.3,120.8
442,1041,41.64,193.0,213.5
452,1041,41.64,140.1,14.1
456,1041,41.64,462.0,34.2
292,1042,41.68,370.5,135.3
381,1042,41.68,465.7,48.0
396,1042,41.68,262.4,79.2
397,1042,41.68,737.8,188.6
403,1042,41.68,168.6,120.9
442,1042,41.68,193.1,212.4
452,1042,41.68,140.0,14.1
456,1042,41.68,462.7,34.2
292,1043,41.72,370.1,134.4
381,1043,41.72,464.5,47.9
396,1043,41.72,262.4,79.2
397,1043,41.72,733.1,178.4
403,1043,41.72,168.4,120.8
442,1043,41.72,192.7,209.6
451,1043,41.72,268.4,173.4
452,1043,41.72,140.0,14.1
456,1043,41.72,461.5,33.9
292,1044,41.76,369.1,139.6
381,1044,41.76,463.4,47.9
396,1044,41.76,262.7,79.4
397,1044,41.76,730.9,174.3
403,1044,41.76,168.5,120.7
442,1044,41.76,193.1,199.4
451,1044,41.76,265.0,178.1
452,1044,41.76,140.0,14.1
456,1044,41.76,460.3,33.9
292,1045,41.8,367.8,144.0
381,1045,41.8,461.9,48.2
396,1045,41.8,262.7,79.3
397,1045,41.8,729.4,172.6
403,1045,41.8,168.7,120.8
442,1045,41.8,194.0,192.5
451,1045,41.8,265.3,177.6
452,1045,41.8,140.1,14.1
456,1045,41.8,459.9,33.7
292,1046,41.84,366.8,151.1
381,1046,41.84,461.7,48.3
396,1046,41.84,262.7,79.3
397,1046,41.84,729.3,172.7
403,1046,41.84,168.6,121.0
442,1046,41.84,197.1,188.3
451,1046,41.84,266.7,176.8
452,1046,41.84,140.1,14.1
456,1046,41.84,459.8,33.8
292,1047,41.88,364.0,152.2
381,1047,41.88,461.1,48.3
396,1047,41.88,262.5,79.3
397,1047,41.88,728.6,171.7
403,1047,41.88,168.6,120.9
442,1047,41.88,205.0,186.5
451,1047,41.88,264.4,182.0
452,1047,41.88,140.1,14.1
456,1047,41.88,459.9,33.7
381,1048,41.92,461.4,48.5
396,1048,41.92,262.6,79.5
397,1048,41.92,731.7,173.9
403,1048,41.92,168.5,120.8
442,1048,41.92,208.3,185.0
451,1048,41.92,263.9,183.3
452,1048,41.92,140.1,14.1
456,1048,41.92,460.3,33.6
381,1049,41.96,461.2,48.4
396,1049,41.96,262.5,79.4
397,1049,41.96,733.0,174.1
403,1049,41.96,168.4,120.7
442,1049,41.96,208.8,184.8
451,1049,41.96,264.0,181.5
452,1049,41.96,140.0,14.1
456,1049,41.96,460.2,33.6
457,1049,41.96,708.2,143.0
381,1050,42.0,461.7,48.5
396,1050,42.0,262.5,79.2
397,1050,42.0,732.1,174.1
403,1050,42.0,168.8,120.8
442,1050,42.0,209.7,185.0
451,1050,42.0,266.8,178.3
452,1050,42.0,140.1,14.1
456,1050,42.0,460.9,33.8
292,1051,42.04,358.2,152.4
381,1051,42.04,461.8,48.5
396,1051,42.04,262.5,79.5
397,1051,42.04,730.1,172.9
403,1051,42.04,168.8,120.8
442,1051,42.04,201.3,186.4
451,1051,42.04,268.2,176.4
452,1051,42.04,140.1,14.1
456,1051,42.04,461.1,33.8
292,1052,42.08,360.9,151.7
381,1052,42.08,461.4,48.5
396,1052,42.08,262.5,80.1
397,1052,42.08,728.1,172.5
403,1052,42.08,168.8,121.0
442,1052,42.08,200.6,187.3
451,1052,42.08,267.7,176.8
452,1052,42.08,140.1,14.1
456,1052,42.08,461.0,33.9
292,1053,42.12,361.4,151.3
381,1053,42.12,461.4,48.6
396,1053,42.12,262.7,80.2
397,1053,42.12,730.0,172.0
403,1053,42.12,169.0,121.1
442,1053,42.12,196.1,187.9
451,1053,42.12,268.9,176.9
452,1053,42.12,140.1,14.1
456,1053,42.12,461.0,33.9
292,1054,42.16,362.7,151.2
381,1054,42.16,461.3,48.6
396,1054,42.16,262.8,80.1
397,1054,42.16,727.9,172.5
403,1054,42.16,169.0,121.2
442,1054,42.16,197.0,188.1
451,1054,42.16,269.6,176.9
452,1054,42.16,140.1,14.1
456,1054,42.16,460.9,33.9
292,1055,42.2,362.6,151.3
381,1055,42.2,461.7,48.6
396,1055,42.2,262.7,79.9
397,1055,42.2,727.1,172.4
403,1055,42.2,168.6,121.1
442,1055,42.2,195.5,188.3
451,1055,42.2,268.8,176.8
452,1055,42.2,140.1,14.1
456,1055,42.2,460.7,34.1
292,1056,42.24,359.9,150.4
381,1056,42.24,461.6,48.8
396,1056,42.24,262.6,79.7
397,1056,42.24,727.1,172.5
403,1056,42.24,168.3,121.0
442,1056,42.24,193.4,188.7
451,1056,42.24,268.6,177.1
452,1056,42.24,140.0,14.1
456,1056,42.24,460.5,34.1
292,1057,42.28,357.9,152.0
381,1057,42.28,461.5,48.8
396,1057,42.28,262.7,79.3
397,1057,42.28,727.8,172.7
403,1057,42.28,168.0,121.0
442,1057,42.28,192.8,189.0
451,1057,42.28,268.5,176.9
452,1057,42.28,140.1,14.1
456,1057,42.28,460.4,34.2
292,1058,42.32,356.1,154.0
381,1058,42.32,461.3,49.0
396,1058,42.32,262.7,79.6
397,1058,42.32,727.8,172.6
403,1058,42.32,167.9,121.0
451,1058,42.32,265.4,177.2
452,1058,42.32,140.1,14.1
456,1058,42.32,460.2,34.2
292,1059,42.36,355.5,155.2
381,1059,42.36,461.9,48.7
396,1059,42.36,262.6,79.7
397,1059,42.36,728.0,173.4
403,1059,42.36,167.8,120.8
451,1059,42.36,264.0,177.7
452,1059,42.36,140.0,14.1
456,1059,42.36,460.5,34.2
292,1060,42.4,355.4,155.2
381,1060,42.4,462.4,48.5
396,1060,42.4,262.6,79.8
397,1060,42.4,727.6,172.8
403,1060,42.4,167.7,121.1
451,1060,42.4,264.5,177.2
452,1060,42.4,139.9,14.1
456,1060,42.4,460.9,34.2
292,1061,42.44,355.2,154.9
381,1061,42.44,462.6,48.3
396,1061,42.44,262.6,79.6
397,1061,42.44,727.3,172.7
403,1061,42.44,167.6,121.0
442,1061,42.44,188.2,190.2
451,1061,42.44,264.6,177.1
452,1061,42.44,139.9,14.1
456,1061,42.44,461.1,34.2
292,1062,42.48,354.6,154.3
381,1062,42.48,462.8,48.3
396,1062,42.48,262.6,79.7
397,1062,42.48,726.8,172.6
403,1062,42.48,167.5,121.1
442,1062,42.48,196.4,189.8
451,1062,42.48,264.6,177.2
452,1062,42.48,139.9,14.1
456,1062,42.48,461.2,34.1
292,1063,42.52,354.5,153.2
381,1063,42.52,463.3,48.3
396,1063,42.52,262.5,79.6
397,1063,42.52,726.7,172.6
403,1063,42.52,167.6,121.3
442,1063,42.52,194.8,189.8
451,1063,42.52,264.2,178.0
452,1063,42.52,139.9,14.0
456,1063,42.52,462.1,34.1
292,1064,42.56,359.0,152.2
381,1064,42.56,463.4,48.2
396,1064,42.56,262.8,80.6
397,1064,42.56,726.7,172.8
403,1064,42.56,167.7,121.4
442,1064,42.56,198.6,190.0
451,1064,42.56,264.3,177.3
452,1064,42.56,139.9,14.0
456,1064,42.56,462.2,34.1
461,1064,42.56,49.4,271.5
292,1065,42.6,358.2,148.1
381,1065,42.6,463.3,48.0
396,1065,42.6,262.9,79.8
397,1065,42.6,726.7,172.9
403,1065,42.6,167.7,121.5
442,1065,42.6,200.3,190.6
451,1065,42.6,263.7,180.0
452,1065,42.6,139.9,14.0
456,1065,42.6,462.1,34.1
461,1065,42.6,49.5,271.2
292,1066,42.64,360.7,140.2
381,1066,42.64,462.8,48.4
396,1066,42.64,262.8,79.9
397,1066,42.64,726.7,172.9
403,1066,42.64,167.5,121.1
442,1066,42.64,188.3,190.7
451,1066,42.64,262.6,183.0
452,1066,42.64,139.9,14.0
456,1066,42.64,461.5,34.0
461,1066,42.64,49.2,271.2
292,1067,42.68,361.7,136.4
381,1067,42.68,462.6,48.6
396,1067,42.68,262.6,79.8
397,1067,42.68,726.8,172.9
403,1067,42.68,167.8,121.2
442,1067,42.68,184.2,190.5
451,1067,42.68,261.6,183.2
452,1067,42.68,139.9,14.0
456,1067,42.68,461.2,34.0
292,1068,42.72,363.2,135.8
381,1068,42.72,462.5,48.9
396,1068,42.72,262.7,79.8
397,1068,42.72,726.8,172.8
403,1068,42.72,167.5,121.1
451,1068,42.72,263.2,179.9
452,1068,42.72,139.9,14.0
456,1068,42.72,461.0,34.1
292,1069,42.76,362.5,136.6
381,1069,42.76,462.1,49.0
396,1069,42.76,262.6,79.4
397,1069,42.76,726.7,172.6
403,1069,42.76,167.5,121.2
451,1069,42.76,262.3,183.2
452,1069,42.76,139.9,14.0
456,1069,42.76,460.8,34.1
292,1070,42.8,367.6,137.9
381,1070,42.8,461.5,49.1
396,1070,42.8,262.7,79.5
397,1070,42.8,726.7,172.7
403,1070,42.8,167.5,121.4
451,1070,42.8,261.4,184.4
452,1070,42.8,139.9,14.0
456,1070,42.8,460.5,34.2
292,1071,42.84,368.2,136.4
381,1071,42.84,461.3,49.1
396,1071,42.84,262.7,79.6
397,1071,42.84,726.6,172.7
403,1071,42.84,167.5,121.4
451,1071,42.84,260.1,186.2
452,1071,42.84,139.9,14.0
456,1071,42.84,460.3,34.2
292,1072,42.88,369.5,136.7
381,1072,42.88,461.5,49.1
396,1072,42.88,262.9,80.1
397,1072,42.88,726.6,172.5
403,1072,42.88,167.5,121.5
451,1072,42.88,252.9,186.1
452,1072,42.88,139.9,14.0
456,1072,42.88,460.3,34.6
292,1073,42.92,370.5,136.5
381,1073,42.92,461.5,49.2
396,1073,42.92,263.1,80.3
397,1073,42.92,726.6,172.4
403,1073,42.92,167.4,121.5
451,1073,42.92,249.5,185.2
452,1073,42.92,139.9,14.0
456,1073,42.92,460.3,34.9
292,1074,42.96,371.4,136.2
381,1074,42.96,462.2,49.5
396,1074,42.96,263.1,80.4
397,1074,42.96,726.4,172.4
403,1074,42.96,167.5,121.6
451,1074,42.96,249.0,189.8
452,1074,42.96,139.9,14.0
456,1074,42.96,461.0,35.1
292,1075,43.0,373.2,135.8
381,1075,43.0,461.7,49.5
396,1075,43.0,262.7,80.3
397,1075,43.0,726.2,172.4
403,1075,43.0,167.3,121.6
451,1075,43.0,250.0,197.4
452,1075,43.0,139.9,14.0
456,1075,43.0,460.7,34.7
292,1076,43.04,374.4,135.4
381,1076,43.04,461.0,49.5
396,1076,43.04,262.5,80.4
397,1076,43.04,726.0,172.4
403,1076,43.04,167.2,121.6
451,1076,43.04,247.0,188.5
452,1076,43.04,139.9,14.0
456,1076,43.04,460.3,34.6
292,1077,43.08,373.4,135.4
381,1077,43.08,461.1,49.4
396,1077,43.08,262.3,80.5
397,1077,43.08,725.9,172.3
403,1077,43.08,167.2,121.5
451,1077,43.08,247.6,187.0
452,1077,43.08,139.9,14.0
456,1077,43.08,460.1,34.6
464,1077,43.08,230.4,76.7
292,1078,43.12,372.9,135.6
381,1078,43.12,462.3,49.4
396,1078,43.12,262.2,80.2
397,1078,43.12,725.8,172.5
403,1078,43.12,167.2,121.6
451,1078,43.12,247.0,188.0
452,1078,43.12,139.9,14.0
456,1078,43.12,461.0,35.5
464,1078,43.12,230.3,77.2
292,1079,43.16,372.5,135.5
381,1079,43.16,462.1,49.5
396,1079,43.16,262.2,80.3
397,1079,43.16,725.6,172.3
403,1079,43.16,167.0,121.9
451,1079,43.16,249.9,188.6
452,1079,43.16,139.9,14.0
456,1079,43.16,461.0,35.0
464,1079,43.16,230.2,77.1
465,1079,43.16,563.8,265.5
292,1080,43.2,371.6,135.0
381,1080,43.2,462.1,50.2
396,1080,43.2,262.3,80.4
397,1080,43.2,725.5,172.2
403,1080,43.2,166.9,121.8
451,1080,43.2,252.0,182.0
452,1080,43.2,139.9,14.0
456,1080,43.2,461.1,34.7
464,1080,43.2,230.2,77.2
465,1080,43.2,560.9,244.0
292,1081,43.24,374.0,134.3
381,1081,43.24,461.8,50.4
396,1081,43.24,262.2,80.1
397,1081,43.24,725.8,172.6
403,1081,43.24,166.7,122.4
451,1081,43.24,254.7,178.9
452,1081,43.24,140.1,14.1
456,1081,43.24,460.3,34.2
464,1081,43.24,229.6,80.4
465,1081,43.24,559.6,230.5
292,1082,43.28,373.6,134.1
381,1082,43.28,461.8,51.4
396,1082,43.28,262.1,80.0
397,1082,43.28,725.6,173.0
403,1082,43.28,166.8,122.5
451,1082,43.28,263.2,176.9
452,1082,43.28,140.1,14.2
456,1082,43.28,461.2,33.0
464,1082,43.28,229.5,81.5
465,1082,43.28,562.3,210.0
292,1083,43.32,372.9,132.9
381,1083,43.32,461.9,52.1
396,1083,43.32,262.2,80.3
397,1083,43.32,725.8,173.2
403,1083,43.32,166.9,122.6
452,1083,43.32,140.1,14.1
456,1083,43.32,460.7,34.0
464,1083,43.32,229.1,82.0
465,1083,43.32,563.1,182.4
292,1084,43.36,369.3,134.5
381,1084,43.36,462.0,50.4
396,1084,43.36,262.2,80.0
397,1084,43.36,727.3,173.3
403,1084,43.36,167.0,122.5
451,1084,43.36,268.0,185.0
452,1084,43.36,140.0,14.2
456,1084,43.36,461.2,34.5
464,1084,43.36,229.2,82.1
465,1084,43.36,570.1,167.1
292,1085,43.4,368.3,135.5
381,1085,43.4,462.0,50.7
396,1085,43.4,262.3,79.8
397,1085,43.4,729.3,174.7
403,1085,43.4,167.0,122.4
451,1085,43.4,269.3,186.6
452,1085,43.4,140.0,14.1
456,1085,43.4,461.2,34.7
464,1085,43.4,228.8,82.3
465,1085,43.4,573.6,160.3
292,1086,43.44,368.1,136.6
381,1086,43.44,462.2,50.2
396,1086,43.44,262.3,79.8
397,1086,43.44,734.9,185.3
403,1086,43.44,166.8,122.1
452,1086,43.44,140.0,14.1
456,1086,43.44,461.5,34.7
464,1086,43.44,228.6,82.3
465,1086,43.44,578.5,145.4
292,1087,43.48,368.0,137.0
381,1087,43.48,462.4,49.3
396,1087,43.48,262.3,79.9
397,1087,43.48,737.0,194.1
403,1087,43.48,167.0,122.1
451,1087,43.48,246.0,196.2
452,1087,43.48,140.0,14.1
456,1087,43.48,460.6,34.7
464,1087,43.48,228.7,82.2
465,1087,43.48,586.2,129.6
292,1088,43.52,368.1,136.7
381,1088,43.52,462.4,49.0
396,1088,43.52,262.3,79.9
397,1088,43.52,738.2,196.4
403,1088,43.52,166.8,122.2
451,1088,43.52,239.4,197.5
452,1088,43.52,140.0,14.1
456,1088,43.52,460.5,34.8
465,1088,43.52,586.9,124.2
292,1089,43.56,368.2,136.4
381,1089,43.56,462.4,49.2
396,1089,43.56,262.5,80.0
397,1089,43.56,738.6,199.0
403,1089,43.56,166.4,122.5
451,1089,43.56,248.1,201.1
452,1089,43.56,140.0,14.1
456,1089,43.56,460.5,34.8
465,1089,43.56,592.0,125.7
292,1090,43.6,368.1,136.6
381,1090,43.6,462.2,49.2
396,1090,43.6,262.7,80.2
397,1090,43.6,738.8,200.4
403,1090,43.6,166.9,123.0
451,1090,43.6,246.0,201.8
452,1090,43.6,140.0,14.1
456,1090,43.6,460.5,34.8
465,1090,43.6,598.0,124.7
292,1091,43.64,368.1,136.6
381,1091,43.64,462.0,51.9
396,1091,43.64,262.6,80.0
397,1091,43.64,738.8,202.2
403,1091,43.64,167.4,123.8
451,1091,43.64,249.6,201.0
452,1091,43.64,140.0,14.1
456,1091,43.64,460.3,34.7
465,1091,43.64,623.4,119.7
292,1092,43.68,367.9,136.9
381,1092,43.68,462.2,50.5
396,1092,43.68,262.4,79.8
397,1092,43.68,738.7,197.9
403,1092,43.68,167.7,124.3
451,1092,43.68,249.3,200.5
452,1092,43.68,140.0,14.1
456,1092,43.68,461.2,34.7
465,1092,43.68,641.6,116.9
292,1093,43.72,367.8,137.0
381,1093,43.72,462.3,50.5
396,1093,43.72,262.3,79.7
397,1093,43.72,738.9,199.1
403,1093,43.72,168.2,124.7
451,1093,43.72,240.0,191.0
452,1093,43.72,140.0,14.1
456,1093,43.72,461.5,34.6
292,1094,43.76,367.8,137.0
381,1094,43.76,462.2,49.9
396,1094,43.76,262.5,80.0
397,1094,43.76,738.8,194.3
403,1094,43.76,167.8,123.2
451,1094,43.76,239.5,187.6
452,1094,43.76,140.0,14.1
456,1094,43.76,461.5,34.5
465,1094,43.76,655.2,114.0
292,1095,43.8,367.8,137.5
381,1095,43.8,461.8,49.8
396,1095,43.8,262.7,80.4
397,1095,43.8,738.9,191.5
403,1095,43.8,167.6,122.9
451,1095,43.8,242.8,190.2
452,1095,43.8,140.0,14.1
456,1095,43.8,461.0,34.4
465,1095,43.8,667.6,111.1
292,1096,43.84,368.0,137.5
381,1096,43.84,461.9,49.2
396,1096,43.84,262.6,80.6
397,1096,43.84,738.9,186.8
403,1096,43.84,169.9,134.1
451,1096,43.84,250.3,190.9
452,1096,43.84,140.0,14.1
456,1096,43.84,461.3,33.1
465,1096,43.84,673.8,109.9
292,1097,43.88,368.0,137.8
381,1097,43.88,462.1,49.1
396,1097,43.88,262.8,80.7
397,1097,43.88,739.9,184.2
403,1097,43.88,170.7,137.9
451,1097,43.88,252.5,192.1
452,1097,43.88,140.0,14.1
456,1097,43.88,461.1,34.3
465,1097,43.88,676.9,106.1
292,1098,43.92,367.9,137.7
381,1098,43.92,462.4,49.0
396,1098,43.92,262.8,80.7
397,1098,43.92,739.4,182.3
403,1098,43.92,170.8,130.6
451,1098,43.92,252.9,194.1
452,1098,43.92,140.0,14.1
456,1098,43.92,461.6,34.7
465,1098,43.92,678.4,106.6
292,1099,43.96,367.8,136.9
381,1099,43.96,462.0,49.3
396,1099,43.96,262.4,80.3
397,1099,43.96,738.7,180.6
403,1099,43.96,168.8,126.4
451,1099,43.96,255.3,195.0
452,1099,43.96,140.0,14.1
456,1099,43.96,461.5,34.9
465,1099,43.96,682.7,93.7
292,1100,44.0,367.7,136.4
381,1100,44.0,461.9,49.2
396,1100,44.0,262.3,80.2
397,1100,44.0,738.2,179.7
403,1100,44.0,168.1,124.2
451,1100,44.0,256.3,196.8
452,1100,44.0,140.0,14.1
456,1100,44.0,461.4,35.0
465,1100,44.0,682.6,86.8
292,1101,44.04,367.9,136.5
381,1101,44.04,461.7,49.3
396,1101,44.04,262.2,80.1
397,1101,44.04,737.2,178.3
403,1101,44.04,167.8,123.1
451,1101,44.04,257.9,196.9
452,1101,44.04,140.0,14.1
456,1101,44.04,461.2,35.0
465,1101,44.04,681.9,83.5
292,1102,44.08,368.1,136.6
381,1102,44.08,462.2,49.0
396,1102,44.08,262.1,80.0
397,1102,44.08,736.1,176.3
403,1102,44.08,167.6,123.5
451,1102,44.08,258.0,196.3
452,1102,44.08,140.0,14.1
456,1102,44.08,461.4,35.0
465,1102,44.08,681.4,83.5
292,1103,44.12,368.1,136.6
381,1103,44.12,462.4,48.9
396,1103,44.12,262.0,79.9
397,1103,44.12,735.8,174.8
403,1103,44.12,167.5,123.2
451,1103,44.12,257.5,195.5
452,1103,44.12,140.0,14.1
456,1103,44.12,461.8,34.9
465,1103,44.12,677.5,90.0
292,1104,44.16,368.1,136.3
381,1104,44.16,462.7,48.9
396,1104,44.16,262.1,79.8
397,1104,44.16,734.7,173.5
403,1104,44.16,167.6,123.1
451,1104,44.16,257.6,195.1
452,1104,44.16,140.0,14.1
456,1104,44.16,462.3,34.9
465,1104,44.16,675.1,91.9
292,1105,44.2,367.8,136.3
381,1105,44.2,462.8,48.8
396,1105,44.2,262.4,79.9
397,1105,44.2,735.5,172.9
403,1105,44.2,167.7,123.0
451,1105,44.2,257.5,195.7
452,1105,44.2,140.0,14.1
456,1105,44.2,462.5,34.9
465,1105,44.2,677.8,98.5
292,1106,44.24,368.9,136.3
381,1106,44.24,464.0,49.1
396,1106,44.24,262.4,80.1
397,1106,44.24,736.0,172.9
403,1106,44.24,167.8,123.0
451,1106,44.24,256.3,197.6
452,1106,44.24,140.0,14.1
456,1106,44.24,463.1,34.8
465,1106,44.24,678.8,89.1
292,1107,44.28,369.3,136.4
381,1107,44.28,463.3,48.9
396,1107,44.28,262.4,80.1
397,1107,44.28,735.9,173.5
403,1107,44.28,167.6,122.7
451,1107,44.28,255.5,200.1
452,1107,44.28,140.0,14.1
456,1107,44.28,462.5,34.8
465,1107,44.28,670.0,100.0
292,1108,44.32,369.0,136.6
381,1108,44.32,462.8,48.9
396,1108,44.32,262.3,79.8
397,1108,44.32,736.4,174.7
403,1108,44.32,167.4,122.4
451,1108,44.32,255.5,199.0
452,1108,44.32,139.9,14.2
456,1108,44.32,461.7,34.8
465,1108,44.32,656.8,106.2
292,1109,44.36,368.6,137.4
381,1109,44.36,462.8,48.9
396,1109,44.36,262.3,79.6
397,1109,44.36,737.5,178.0
403,1109,44.36,167.3,121.9
451,1109,44.36,255.5,197.4
452,1109,44.36,139.9,14.2
456,1109,44.36,461.7,34.7
465,1109,44.36,646.2,108.9
292,1110,44.4,366.9,137.4
381,1110,44.4,462.6,48.9
396,1110,44.4,262.3,79.6
397,1110,44.4,733.6,182.3
403,1110,44.4,167.4,121.9
451,1110,44.4,256.6,196.7
452,1110,44.4,140.0,14.1
456,1110,44.4,461.6,34.7
465,1110,44.4,640.0,110.2
292,1111,44.44,366.1,137.7
381,1111,44.44,463.0,48.9
396,1111,44.44,262.2,79.7
397,1111,44.44,737.3,183.1
403,1111,44.44,167.6,121.9
451,1111,44.44,255.7,197.8
452,1111,44.44,140.0,14.1
456,1111,44.44,462.0,34.8
465,1111,44.44,636.8,106.6
292,1112,44.48,365.7,137.5
381,1112,44.48,464.9,49.3
396,1112,44.48,262.3,79.9
397,1112,44.48,739.4,185.9
403,1112,44.48,167.3,122.1
451,1112,44.48,258.1,196.5
452,1112,44.48,140.0,14.1
456,1112,44.48,462.4,34.7
465,1112,44.48,632.5,111.4
292,1113,44.52,365.5,138.0
381,1113,44.52,466.2,50.0
396,1113,44.52,262.7,80.2
397,1113,44.52,740.3,187.5
403,1113,44.52,167.4,123.0
451,1113,44.52,259.0,196.0
452,1113,44.52,140.0,14.2
456,1113,44.52,463.3,34.7
465,1113,44.52,615.6,119.8
292,1114,44.56,365.3,137.7
381,1114,44.56,465.7,50.9
396,1114,44.56,262.5,80.1
397,1114,44.56,740.7,189.4
403,1114,44.56,167.1,122.8
451,1114,44.56,259.6,197.3
452,1114,44.56,140.0,14.2
456,1114,44.56,464.1,35.7
465,1114,44.56,600.9,126.2
292,1115,44.6,365.1,138.6
381,1115,44.6,465.2,51.3
396,1115,44.6,262.5,80.1
397,1115,44.6,740.8,193.8
403,1115,44.6,166.8,122.9
451,1115,44.6,260.3,198.3
452,1115,44.6,139.9,14.2
456,1115,44.6,464.2,35.9
465,1115,44.6,593.7,130.2
292,1116,44.64,365.1,139.4
381,1116,44.64,466.6,50.8
396,1116,44.64,262.3,79.9
397,1116,44.64,740.8,194.9
403,1116,44.64,166.9,122.5
451,1116,44.64,259.0,201.3
452,1116,44.64,139.9,14.2
456,1116,44.64,464.4,37.5
465,1116,44.64,578.9,134.7
292,1117,44.68,365.1,139.3
381,1117,44.68,467.5,50.3
396,1117,44.68,262.2,79.7
397,1117,44.68,740.8,194.6
403,1117,44.68,167.0,122.6
451,1117,44.68,258.6,200.9
452,1117,44.68,139.9,14.2
456,1117,44.68,464.9,37.2
465,1117,44.68,566.7,149.5
292,1118,44.72,364.9,140.0
381,1118,44.72,468.2,49.6
396,1118,44.72,262.1,79.6
397,1118,44.72,740.9,193.4
403,1118,44.72,167.0,122.8
451,1118,44.72,256.9,200.9
452,1118,44.72,140.0,14.2
456,1118,44.72,465.0,36.9
465,1118,44.72,560.8,164.4
381,1119,44.76,466.3,51.1
396,1119,44.76,262.1,79.9
397,1119,44.76,741.1,191.1
403,1119,44.76,167.0,123.0
451,1119,44.76,256.0,200.2
452,1119,44.76,140.0,14.2
456,1119,44.76,464.6,35.6
465,1119,44.76,556.1,173.4
292,1120,44.8,362.8,149.7
381,1120,44.8,466.2,52.6
396,1120,44.8,262.5,80.0
397,1120,44.8,740.5,189.5
403,1120,44.8,167.0,123.4
451,1120,44.8,257.4,198.7
452,1120,44.8,140.0,14.2
456,1120,44.8,465.0,36.1
465,1120,44.8,552.6,195.4
477,1120,44.8,733.6,175.3
479,1120,44.8,265.6,95.3
292,1121,44.84,361.9,151.5
381,1121,44.84,465.8,56.4
396,1121,44.84,262.6,80.2
397,1121,44.84,743.0,189.2
403,1121,44.84,166.8,123.1
451,1121,44.84,258.9,196.2
452,1121,44.84,140.0,14.1
456,1121,44.84,465.0,38.2
465,1121,44.84,552.1,217.8
479,1121,44.84,265.4,95.4
292,1122,44.88,359.5,151.7
381,1122,44.88,465.3,55.1
396,1122,44.88,262.5,80.5
397,1122,44.88,740.9,187.0
403,1122,44.88,166.6,122.8
451,1122,44.88,259.5,194.9
452,1122,44.88,140.0,14.1
456,1122,44.88,464.4,37.1
465,1122,44.88,554.5,234.7
479,1122,44.88,265.2,95.5
292,1123,44.92,359.8,154.7
381,1123,44.92,463.8,52.4
396,1123,44.92,262.7,81.1
397,1123,44.92,748.2,183.9
403,1123,44.92,166.5,122.3
451,1123,44.92,260.5,194.2
452,1123,44.92,139.9,14.1
456,1123,44.92,463.2,37.0
465,1123,44.92,561.6,252.2
479,1123,44.92,266.3,96.3
292,1124,44.96,358.8,153.6
381,1124,44.96,463.1,50.0
396,1124,44.96,262.2,81.1
397,1124,44.96,752.2,182.8
403,1124,44.96,166.9,122.3
451,1124,44.96,260.6,194.0
452,1124,44.96,139.9,14.1
456,1124,44.96,462.8,35.3
465,1124,44.96,566.1,266.1
479,1124,44.96,267.3,97.7
292,1125,45.0,356.9,153.3
381,1125,45.0,465.0,48.2
397,1125,45.0,748.9,181.3
403,1125,45.0,166.7,122.6
451,1125,45.0,259.1,194.5
452,1125,45.0,139.9,14.1
456,1125,45.0,462.8,36.2
465,1125,45.0,564.9,301.9
479,1125,45.0,271.4,104.3
292,1126,45.04,355.0,150.2
397,1126,45.04,745.3,178.0
403,1126,45.04,169.4,125.8
451,1126,45.04,258.5,194.5
452,1126,45.04,139.9,14.2
465,1126,45.04,561.5,330.2
479,1126,45.04,271.2,106.3
292,1127,45.08,354.5,148.8
397,1127,45.08,743.1,176.0
403,1127,45.08,171.2,125.2
451,1127,45.08,257.1,194.3
452,1127,45.08,139.8,14.1
479,1127,45.08,272.4,107.0
292,1128,45.12,353.0,139.4
396,1128,45.12,261.9,80.2
397,1128,45.12,742.4,174.3
403,1128,45.12,170.9,124.6
451,1128,45.12,253.3,194.8
452,1128,45.12,139.8,14.1
479,1128,45.12,272.8,107.0
292,1129,45.16,354.3,137.5
396,1129,45.16,261.9,80.1
403,1129,45.16,168.9,123.8
451,1129,45.16,250.8,196.1
456,1129,45.16,458.9,36.6
477,1129,45.16,738.6,172.9
479,1129,45.16,273.4,108.1
292,1130,45.2,354.1,137.2
381,1130,45.2,460.1,49.1
396,1130,45.2,261.9,79.9
403,1130,45.2,167.8,123.4
451,1130,45.2,247.3,199.6
456,1130,45.2,458.1,36.3
292,1131,45.24,354.8,143.0
381,1131,45.24,460.5,49.0
396,1131,45.24,262.0,79.8
397,1131,45.24,737.5,171.7
403,1131,45.24,167.6,123.3
451,1131,45.24,247.6,204.0
456,1131,45.24,458.7,36.2
292,1132,45.28,355.3,142.8
381,1132,45.28,460.3,53.8
396,1132,45.28,262.0,79.5
397,1132,45.28,730.5,170.7
403,1132,45.28,167.4,123.3
451,1132,45.28,247.4,204.6
456,1132,45.28,460.1,37.8
292,1133,45.32,356.7,141.4
396,1133,45.32,261.9,79.6
397,1133,45.32,733.4,169.5
403,1133,45.32,167.2,123.0
451,1133,45.32,246.3,210.1
456,1133,45.32,462.0,38.3
292,1134,45.36,356.2,139.8
396,1134,45.36,261.9,79.7
397,1134,45.36,739.8,168.1
403,1134,45.36,166.7,122.9
451,1134,45.36,249.1,204.5
456,1134,45.36,462.4,37.2
292,1135,45.4,355.9,141.4
396,1135,45.4,262.1,79.9
397,1135,45.4,741.0,167.1
403,1135,45.4,166.7,123.0
451,1135,45.4,249.3,207.4
456,1135,45.4,461.5,37.2
292,1136,45.44,357.0,143.9
396,1136,45.44,262.3,81.0
397,1136,45.44,736.6,166.7
403,1136,45.44,166.7,123.6
451,1136,45.44,251.9,208.4
456,1136,45.44,461.1,37.1
479,1136,45.44,265.9,102.6
292,1137,45.48,355.9,145.0
396,1137,45.48,262.3,81.7
397,1137,45.48,733.1,166.7
403,1137,45.48,166.2,123.8
451,1137,45.48,249.5,210.5
456,1137,45.48,461.1,37.3
479,1137,45.48,264.8,101.2
292,1138,45.52,356.7,143.5
396,1138,45.52,262.1,81.6
397,1138,45.52,731.3,166.9
403,1138,45.52,167.2,123.9
451,1138,45.52,248.6,211.6
456,1138,45.52,461.2,37.5
479,1138,45.52,265.0,101.8
292,1139,45.56,357.0,142.1
396,1139,45.56,261.7,81.1
397,1139,45.56,728.7,167.6
403,1139,45.56,167.4,123.9
451,1139,45.56,248.5,211.9
456,1139,45.56,461.1,38.4
479,1139,45.56,268.9,104.9
292,1140,45.6,357.0,143.3
396,1140,45.6,261.6,80.6
397,1140,45.6,730.6,168.2
403,1140,45.6,167.4,123.9
451,1140,45.6,248.9,211.8
456,1140,45.6,461.0,38.3
292,1141,45.64,354.0,145.2
396,1141,45.64,261.8,80.7
397,1141,45.64,728.5,165.0
403,1141,45.64,167.6,123.2
451,1141,45.64,248.9,211.5
456,1141,45.64,463.2,45.0
292,1142,45.68,352.3,147.1
396,1142,45.68,262.0,80.6
397,1142,45.68,727.7,163.9
403,1142,45.68,167.4,122.7
451,1142,45.68,243.2,211.4
456,1142,45.68,463.3,40.6
292,1143,45.72,351.9,148.2
396,1143,45.72,262.0,80.6
397,1143,45.72,729.8,166.4
403,1143,45.72,167.4,122.7
451,1143,45.72,239.3,211.3
456,1143,45.72,463.5,38.6
292,1144,45.76,351.4,147.4
396,1144,45.76,262.0,80.5
397,1144,45.76,726.7,167.2
403,1144,45.76,168.4,123.8
451,1144,45.76,243.0,211.2
456,1144,45.76,463.6,37.4
292,1145,45.8,352.0,146.9
396,1145,45.8,262.0,80.6
451,1145,45.8,243.9,210.7
456,1145,45.8,463.8,36.9
292,1146,45.84,353.0,146.8
396,1146,45.84,262.1,80.6
451,1146,45.84,245.5,210.0
456,1146,45.84,463.5,36.6
292,1147,45.88,354.3,146.4
396,1147,45.88,261.8,80.3
397,1147,45.88,733.6,167.5
451,1147,45.88,248.5,209.4
456,1147,45.88,463.5,36.8
292,1148,45.92,354.7,143.3
396,1148,45.92,261.7,79.8
397,1148,45.92,732.3,167.4
403,1148,45.92,167.7,121.3
451,1148,45.92,250.3,205.3
456,1148,45.92,463.8,44.6
292,1149,45.96,355.1,144.4
396,1149,45.96,261.7,79.6
397,1149,45.96,731.7,167.4
403,1149,45.96,168.3,121.5
456,1149,45.96,463.8,47.4
292,1150,46.0,355.2,145.5
396,1150,46.0,261.9,79.7
397,1150,46.0,732.0,168.2
403,1150,46.0,167.1,121.9
456,1150,46.0,463.8,41.1
292,1151,46.04,355.1,145.3
396,1151,46.04,262.0,79.5
397,1151,46.04,732.5,168.5
403,1151,46.04,167.1,122.3
456,1151,46.04,463.5,38.3
292,1152,46.08,354.7,145.3
396,1152,46.08,262.1,79.5
397,1152,46.08,730.5,168.1
403,1152,46.08,166.7,122.5
456,1152,46.08,463.3,37.4
292,1153,46.12,354.7,145.5
396,1153,46.12,262.1,79.7
397,1153,46.12,731.7,167.4
403,1153,46.12,166.3,121.6
456,1153,46.12,462.9,37.2
292,1154,46.16,354.5,145.0
396,1154,46.16,262.2,79.6
397,1154,46.16,734.7,167.1
403,1154,46.16,166.7,123.1
456,1154,46.16,463.0,36.8
292,1155,46.2,354.4,144.3
396,1155,46.2,262.2,79.5
397,1155,46.2,732.4,167.3
403,1155,46.2,167.0,122.7
456,1155,46.2,462.6,36.4
292,1156,46.24,354.7,142.8
396,1156,46.24,262.2,79.4
397,1156,46.24,732.2,167.3
403,1156,46.24,167.0,121.8
456,1156,46.24,462.4,36.3
499,1156,46.24,229.8,80.9
292,1157,46.28,355.4,139.7
396,1157,46.28,262.1,79.6
397,1157,46.28,731.2,167.8
403,1157,46.28,167.0,121.7
456,1157,46.28,462.6,36.3
499,1157,46.28,229.8,80.6
292,1158,46.32,356.8,136.6
396,1158,46.32,262.3,80.2
397,1158,46.32,731.1,168.2
403,1158,46.32,167.0,121.7
456,1158,46.32,462.9,36.3
499,1158,46.32,229.9,80.4
292,1159,46.36,357.1,135.0
396,1159,46.36,262.5,80.4
397,1159,46.36,733.1,168.4
403,1159,46.36,167.4,122.0
456,1159,46.36,462.5,36.4
499,1159,46.36,229.8,80.4
292,1160,46.4,356.4,134.1
396,1160,46.4,262.1,80.3
397,1160,46.4,732.5,168.3
403,1160,46.4,166.9,122.3
456,1160,46.4,462.7,36.5
499,1160,46.4,229.8,80.4
292,1161,46.44,356.1,134.0
396,1161,46.44,261.9,79.8
397,1161,46.44,730.3,169.0
403,1161,46.44,166.7,122.2
456,1161,46.44,462.6,36.6
499,1161,46.44,229.8,80.4
292,1162,46.48,356.7,143.1
396,1162,46.48,261.9,79.3
397,1162,46.48,726.9,171.5
403,1162,46.48,167.1,122.5
456,1162,46.48,461.8,38.0
499,1162,46.48,229.8,80.7
292,1163,46.52,357.5,140.9
396,1163,46.52,261.7,79.9
397,1163,46.52,727.9,172.5
403,1163,46.52,167.3,125.7
451,1163,46.52,255.2,198.6
456,1163,46.52,461.0,40.4
499,1163,46.52,229.9,80.5
292,1164,46.56,357.6,138.4
396,1164,46.56,261.8,79.8
397,1164,46.56,732.0,182.8
403,1164,46.56,167.4,128.2
451,1164,46.56,255.2,200.2
456,1164,46.56,461.2,45.8
499,1164,46.56,229.9,79.9
292,1165,46.6,357.6,137.3
396,1165,46.6,262.0,80.4
397,1165,46.6,734.5,188.2
403,1165,46.6,167.9,125.8
451,1165,46.6,255.6,201.8
456,1165,46.6,462.9,48.3
499,1165,46.6,229.8,79.3
292,1166,46.64,357.8,135.0
396,1166,46.64,262.3,80.4
397,1166,46.64,736.0,190.4
403,1166,46.64,168.3,124.0
451,1166,46.64,255.7,201.3
456,1166,46.64,463.4,49.1
499,1166,46.64,229.8,79.1
292,1167,46.68,360.6,135.0
396,1167,46.68,262.4,80.4
403,1167,46.68,168.1,122.8
451,1167,46.68,255.4,202.0
456,1167,46.68,463.3,49.7
499,1167,46.68,229.8,79.4
292,1168,46.72,363.3,136.2
396,1168,46.72,262.5,80.6
403,1168,46.72,168.3,122.9
451,1168,46.72,255.3,202.2
456,1168,46.72,463.2,50.0
499,1168,46.72,229.8,79.4
292,1169,46.76,364.5,138.0
396,1169,46.76,262.6,80.2
403,1169,46.76,168.3,123.3
451,1169,46.76,254.5,203.3
456,1169,46.76,463.4,51.1
499,1169,46.76,229.7,79.3
292,1170,46.8,365.7,138.7
396,1170,46.8,262.9,80.2
403,1170,46.8,167.8,121.5
451,1170,46.8,254.6,203.7
456,1170,46.8,464.4,52.9
499,1170,46.8,229.7,77.9
503,1170,46.8,464.5,36.6
292,1171,46.84,366.3,138.4
396,1171,46.84,262.8,80.4
403,1171,46.84,167.6,119.4
451,1171,46.84,254.2,203.9
456,1171,46.84,465.0,50.9
499,1171,46.84,229.7,77.6
503,1171,46.84,464.3,35.3
292,1172,46.88,366.4,138.3
396,1172,46.88,262.9,80.4
403,1172,46.88,168.0,117.6
451,1172,46.88,254.2,203.4
456,1172,46.88,465.8,50.3
499,1172,46.88,229.7,78.5
503,1172,46.88,464.5,34.9
292,1173,46.92,366.4,138.1
396,1173,46.92,262.5,79.7
451,1173,46.92,255.6,200.9
456,1173,46.92,466.5,57.9
499,1173,46.92,229.8,79.4
503,1173,46.92,465.6,37.2
292,1174,46.96,365.8,139.2
396,1174,46.96,262.4,80.5
451,1174,46.96,256.1,198.5
456,1174,46.96,467.5,52.7
499,1174,46.96,230.0,80.4
503,1174,46.96,466.1,36.9
292,1175,47.0,366.1,139.6
396,1175,47.0,262.1,80.4
451,1175,47.0,256.6,198.5
456,1175,47.0,467.3,52.5
499,1175,47.0,229.9,79.8
503,1175,47.0,466.4,37.0
292,1176,47.04,366.0,139.4
396,1176,47.04,261.8,80.9
451,1176,47.04,256.6,197.5
456,1176,47.04,467.6,50.6
499,1176,47.04,230.0,79.1
503,1176,47.04,466.7,35.9
292,1177,47.08,366.6,139.5
396,1177,47.08,261.2,80.5
451,1177,47.08,255.9,194.6
456,1177,47.08,467.4,49.9
499,1177,47.08,231.0,76.7
503,1177,47.08,466.5,35.5
505,1177,47.08,556.0,278.1
292,1178,47.12,366.3,140.0
396,1178,47.12,262.1,81.7
451,1178,47.12,254.9,192.0
456,1178,47.12,467.5,49.6
499,1178,47.12,232.0,78.0
503,1178,47.12,466.7,35.3
505,1178,47.12,555.3,263.5
292,1179,47.16,366.6,139.4
396,1179,47.16,262.5,81.3
451,1179,47.16,254.0,191.5
456,1179,47.16,467.4,49.3
499,1179,47.16,233.6,75.2
503,1179,47.16,466.5,35.2
505,1179,47.16,556.4,248.2
292,1180,47.2,367.4,139.7
396,1180,47.2,264.6,90.4
451,1180,47.2,253.3,192.2
456,1180,47.2,467.2,49.4
499,1180,47.2,233.1,71.0
503,1180,47.2,466.4,35.2
505,1180,47.2,556.2,220.6
292,1181,47.24,368.3,139.6
396,1181,47.24,262.9,85.4
397,1181,47.24,742.4,208.9
451,1181,47.24,253.9,194.8
456,1181,47.24,467.1,52.3
499,1181,47.24,232.0,70.8
503,1181,47.24,466.8,35.9
505,1181,47.24,552.2,197.1
292,1182,47.28,369.0,139.6
396,1182,47.28,261.9,84.8
397,1182,47.28,745.0,206.1
451,1182,47.28,254.7,195.7
456,1182,47.28,468.3,50.5
499,1182,47.28,231.4,71.3
503,1182,47.28,467.3,36.1
505,1182,47.28,547.9,184.6
292,1183,47.32,369.0,139.4
396,1183,47.32,261.5,83.2
451,1183,47.32,253.9,195.7
456,1183,47.32,468.5,49.5
503,1183,47.32,467.2,35.2
505,1183,47.32,540.3,172.0
292,1184,47.36,369.0,139.2
396,1184,47.36,261.7,85.0
397,1184,47.36,757.3,205.3
451,1184,47.36,255.2,197.7
456,1184,47.36,468.5,49.3
503,1184,47.36,467.1,35.0
505,1184,47.36,534.7,156.7
292,1185,47.4,369.4,138.7
396,1185,47.4,257.8,75.3
397,1185,47.4,762.3,195.4
451,1185,47.4,255.1,198.3
456,1185,47.4,468.7,49.6
503,1185,47.4,467.8,35.6
505,1185,47.4,531.1,141.1
292,1186,47.44,369.1,137.7
396,1186,47.44,257.2,71.0
397,1186,47.44,763.0,190.4
451,1186,47.44,256.8,197.8
456,1186,47.44,469.4,48.9
503,1186,47.44,468.4,35.1
505,1186,47.44,530.4,133.3
292,1187,47.48,369.1,137.4
396,1187,47.48,258.3,72.1
397,1187,47.48,763.1,183.2
451,1187,47.48,257.2,197.8
456,1187,47.48,470.0,49.3
503,1187,47.48,469.1,34.9
505,1187,47.48,531.9,128.5
292,1188,47.52,369.2,137.2
396,1188,47.52,257.4,65.6
397,1188,47.52,760.6,176.3
456,1188,47.52,469.2,48.8
503,1188,47.52,467.1,34.8
505,1188,47.52,536.4,118.2
292,1189,47.56,368.9,137.0
396,1189,47.56,258.0,63.7
397,1189,47.56,756.8,172.1
451,1189,47.56,252.7,199.4
456,1189,47.56,470.0,48.5
503,1189,47.56,468.2,35.2
505,1189,47.56,538.1,105.8
512,1189,47.56,281.7,131.0
292,1190,47.6,368.5,137.0
397,1190,47.6,749.6,169.1
505,1190,47.6,540.0,96.0
512,1190,47.6,279.1,122.0
292,1191,47.64,368.0,136.9
397,1191,47.64,745.9,165.5
505,1191,47.64,542.5,90.9
512,1191,47.64,285.5,120.7
292,1192,47.68,367.9,136.9
397,1192,47.68,744.8,159.2
456,1192,47.68,467.8,48.4
505,1192,47.68,533.6,85.0
512,1192,47.68,295.0,117.5
516,1192,47.68,246.8,78.6
292,1193,47.72,367.9,136.2
397,1193,47.72,735.9,152.3
456,1193,47.72,465.2,48.2
505,1193,47.72,528.2,77.6
512,1193,47.72,300.9,91.4
516,1193,47.72,249.3,78.6
292,1194,47.76,367.5,136.1
397,1194,47.76,726.9,144.0
456,1194,47.76,465.4,48.4
505,1194,47.76,524.0,74.5
512,1194,47.76,307.4,76.9
516,1194,47.76,254.7,80.8
292,1195,47.8,366.9,136.4
397,1195,47.8,720.7,127.2
456,1195,47.8,465.6,48.4
505,1195,47.8,520.9,73.6
512,1195,47.8,313.6,71.8
516,1195,47.8,257.3,80.4
292,1196,47.84,366.0,137.0
397,1196,47.84,713.9,118.3
451,1196,47.84,253.5,204.4
456,1196,47.84,464.8,50.7
505,1196,47.84,519.9,74.2
512,1196,47.84,315.9,72.2
516,1196,47.84,256.4,80.2
292,1197,47.88,365.4,137.1
397,1197,47.88,707.7,113.6
451,1197,47.88,251.2,205.0
505,1197,47.88,525.7,77.1
512,1197,47.88,315.9,73.8
516,1197,47.88,254.9,79.7
292,1198,47.92,365.5,137.6
397,1198,47.92,703.2,111.6
451,1198,47.92,250.5,205.2
505,1198,47.92,530.3,78.4
512,1198,47.92,314.8,75.0
516,1198,47.92,254.0,79.4
292,1199,47.96,364.3,138.2
397,1199,47.96,696.4,111.0
451,1199,47.96,250.0,206.5
505,1199,47.96,533.6,79.1
512,1199,47.96,313.5,75.9
516,1199,47.96,253.4,79.3
292,1200,48.0,363.1,138.6
397,1200,48.0,684.9,111.9
451,1200,48.0,251.9,206.5
505,1200,48.0,537.1,79.4
512,1200,48.0,312.3,77.0
516,1200,48.0,253.1,78.8
292,1201,48.04,361.1,138.8
397,1201,48.04,676.3,110.5
451,1201,48.04,255.2,203.0
505,1201,48.04,542.3,79.4
512,1201,48.04,310.4,78.3
516,1201,48.04,252.6,79.4
292,1202,48.08,358.5,139.7
397,1202,48.08,661.0,113.2
451,1202,48.08,256.6,200.5
505,1202,48.08,545.2,96.3
512,1202,48.08,310.3,79.7
516,1202,48.08,252.2,79.5
292,1203,48.12,355.4,140.2
397,1203,48.12,642.3,115.4
451,1203,48.12,256.9,198.4
505,1203,48.12,540.5,114.8
512,1203,48.12,310.1,81.0
516,1203,48.12,252.0,79.5
292,1204,48.16,350.3,141.2
397,1204,48.16,624.4,114.5
451,1204,48.16,258.6,193.4
505,1204,48.16,537.6,120.5
512,1204,48.16,310.4,81.5
516,1204,48.16,252.0,79.4
523,1204,48.16,191.2,125.6
292,1205,48.2,348.5,142.9
397,1205,48.2,619.0,113.7
451,1205,48.2,259.0,191.7
505,1205,48.2,535.7,126.0
512,1205,48.2,310.5,81.5
516,1205,48.2,252.0,79.3
523,1205,48.2,191.2,125.5
292,1206,48.24,345.6,144.3
397,1206,48.24,605.4,109.1
451,1206,48.24,259.1,191.1
505,1206,48.24,533.2,143.4
512,1206,48.24,310.9,81.5
516,1206,48.24,251.7,79.3
523,1206,48.24,191.1,125.3
292,1207,48.28,347.6,146.8
397,1207,48.28,590.3,90.1
451,1207,48.28,259.1,191.5
505,1207,48.28,552.9,148.1
512,1207,48.28,311.1,81.6
516,1207,48.28,251.4,79.4
523,1207,48.28,190.7,125.7
292,1208,48.32,346.1,148.6
397,1208,48.32,583.1,99.0
451,1208,48.32,259.1,191.7
505,1208,48.32,559.0,149.2
512,1208,48.32,310.8,81.9
516,1208,48.32,251.5,79.7
523,1208,48.32,190.8,125.5
292,1209,48.36,344.6,150.7
397,1209,48.36,569.1,97.9
451,1209,48.36,258.8,191.6
505,1209,48.36,557.7,148.1
512,1209,48.36,310.8,82.3
516,1209,48.36,251.4,79.6
523,1209,48.36,190.9,125.5
292,1210,48.4,342.8,151.5
397,1210,48.4,549.1,92.3
451,1210,48.4,258.5,192.0
505,1210,48.4,557.9,197.7
512,1210,48.4,310.8,82.3
516,1210,48.4,251.1,79.6
523,1210,48.4,191.0,125.6
526,1210,48.4,255.0,206.4
292,1211,48.44,342.5,151.4
397,1211,48.44,526.2,94.8
451,1211,48.44,259.3,192.0
505,1211,48.44,558.7,248.3
512,1211,48.44,310.3,83.3
516,1211,48.44,252.1,79.4
523,1211,48.44,191.0,125.4
526,1211,48.44,255.2,204.5
292,1212,48.48,342.3,149.3
397,1212,48.48,506.0,95.3
451,1212,48.48,264.4,191.7
512,1212,48.48,309.5,84.7
516,1212,48.48,252.4,79.5
523,1212,48.48,190.9,124.9
526,1212,48.48,255.6,202.8
292,1213,48.52,341.0,148.1
397,1213,48.52,485.0,93.7
512,1213,48.52,309.4,85.2
516,1213,48.52,252.6,79.7
523,1213,48.52,190.9,125.3
526,1213,48.52,255.2,203.3
292,1214,48.56,340.4,146.8
397,1214,48.56,474.3,93.6
512,1214,48.56,305.1,96.5
516,1214,48.56,251.7,79.5
523,1214,48.56,190.9,125.4
526,1214,48.56,254.7,204.4
292,1215,48.6,339.4,145.8
397,1215,48.6,454.4,92.9
512,1215,48.6,303.1,110.7
516,1215,48.6,249.4,79.9
523,1215,48.6,175.5,124.3
526,1215,48.6,254.6,203.8
292,1216,48.64,337.8,146.1
397,1216,48.64,441.7,86.3
512,1216,48.64,299.5,108.8
516,1216,48.64,246.9,80.5
523,1216,48.64,169.2,123.9
526,1216,48.64,254.7,203.6
292,1217,48.68,337.0,146.4
397,1217,48.68,426.9,83.3
512,1217,48.68,296.8,115.8
516,1217,48.68,245.4,79.5
523,1217,48.68,167.5,124.3
526,1217,48.68,255.6,203.2
292,1218,48.72,335.7,145.9
397,1218,48.72,413.8,81.9
512,1218,48.72,293.8,120.9
516,1218,48.72,248.6,79.2
523,1218,48.72,166.9,124.0
526,1218,48.72,254.8,203.9
292,1219,48.76,334.8,146.2
516,1219,48.76,247.4,79.3
523,1219,48.76,167.0,124.0
526,1219,48.76,254.6,204.7
292,1220,48.8,334.4,146.8
397,1220,48.8,395.2,89.2
516,1220,48.8,245.4,79.6
526,1220,48.8,254.8,205.2
533,1220,48.8,298.0,102.0
534,1220,48.8,315.1,128.7
292,1221,48.84,335.7,146.8
397,1221,48.84,387.3,87.5
451,1221,48.84,259.4,190.0
512,1221,48.84,294.2,113.2
516,1221,48.84,245.3,79.5
526,1221,48.84,254.9,205.7
533,1221,48.84,298.5,95.3
292,1222,48.88,337.9,146.4
397,1222,48.88,375.0,92.3
451,1222,48.88,257.8,190.2
512,1222,48.88,295.7,118.8
516,1222,48.88,245.7,79.4
526,1222,48.88,253.5,206.3
292,1223,48.92,339.6,145.2
397,1223,48.92,364.1,90.4
451,1223,48.92,256.1,188.8
512,1223,48.92,296.6,116.3
516,1223,48.92,245.8,79.6
526,1223,48.92,251.6,204.8
292,1224,48.96,343.7,145.7
397,1224,48.96,365.5,88.5
512,1224,48.96,294.5,120.3
516,1224,48.96,242.6,79.2
526,1224,48.96,251.4,206.9
292,1225,49.0,344.6,146.7
397,1225,49.0,363.7,86.9
512,1225,49.0,291.7,121.0
516,1225,49.0,241.5,79.0
526,1225,49.0,251.8,205.9
533,1225,49.0,291.4,93.9
292,1226,49.04,344.0,147.2
397,1226,49.04,363.2,88.0
512,1226,49.04,289.4,121.9
516,1226,49.04,234.1,80.3
523,1226,49.04,165.9,123.2
526,1226,49.04,252.8,204.7
533,1226,49.04,289.3,95.5
292,1227,49.08,341.3,148.3
397,1227,49.08,358.4,88.3
512,1227,49.08,287.5,118.5
516,1227,49.08,231.6,81.1
523,1227,49.08,166.3,124.1
526,1227,49.08,252.5,204.9
533,1227,49.08,287.4,95.8
292,1228,49.12,338.6,151.7
512,1228,49.12,285.6,113.6
516,1228,49.12,230.1,81.1
523,1228,49.12,167.1,134.0
526,1228,49.12,252.5,206.7
292,1229,49.16,337.1,150.7
512,1229,49.16,284.7,114.8
516,1229,49.16,230.1,81.1
523,1229,49.16,167.7,135.7
526,1229,49.16,252.0,205.3
292,1230,49.2,337.0,150.3
397,1230,49.2,339.5,84.0
512,1230,49.2,284.4,119.0
516,1230,49.2,230.3,81.1
523,1230,49.2,164.6,135.2
526,1230,49.2,250.2,197.9
292,1231,49.24,338.0,149.4
397,1231,49.24,337.8,82.9
512,1231,49.24,284.5,119.0
516,1231,49.24,230.2,80.9
523,1231,49.24,165.6,135.0
526,1231,49.24,251.8,195.4
292,1232,49.28,339.1,147.2
397,1232,49.28,328.1,64.9
512,1232,49.28,284.8,118.4
516,1232,49.28,230.3,81.0
523,1232,49.28,166.7,136.1
526,1232,49.28,252.6,195.8
543,1232,49.28,468.3,48.4
292,1233,49.32,339.8,146.1
397,1233,49.32,318.2,53.3
512,1233,49.32,285.2,123.7
516,1233,49.32,230.6,81.3
523,1233,49.32,167.2,137.2
526,1233,49.32,252.6,197.2
543,1233,49.32,468.2,48.2
292,1234,49.36,339.6,145.6
397,1234,49.36,304.2,49.1
512,1234,49.36,285.1,125.0
516,1234,49.36,230.6,81.1
523,1234,49.36,166.4,132.8
526,1234,49.36,252.8,199.1
543,1234,49.36,468.1,48.1
547,1234,49.36,506.4,656.0
292,1235,49.4,339.1,145.9
397,1235,49.4,294.7,49.0
512,1235,49.4,285.4,124.5
516,1235,49.4,230.7,81.1
523,1235,49.4,168.5,146.6
526,1235,49.4,253.0,200.7
543,1235,49.4,468.0,48.4
547,1235,49.4,507.3,655.0
292,1236,49.44,337.9,147.0
397,1236,49.44,293.5,58.1
512,1236,49.44,285.7,111.4
516,1236,49.44,230.9,81.2
523,1236,49.44,169.3,151.9
526,1236,49.44,253.1,200.6
543,1236,49.44,468.0,48.3
547,1236,49.44,507.6,650.8
292,1237,49.48,337.6,146.7
512,1237,49.48,285.4,102.5
516,1237,49.48,230.8,81.5
523,1237,49.48,169.6,154.2
543,1237,49.48,467.1,39.7
547,1237,49.48,508.6,649.0
552,1237,49.48,265.0,155.5
292,1238,49.52,337.8,146.0
397,1238,49.52,282.9,55.0
512,1238,49.52,288.4,101.2
516,1238,49.52,230.4,82.3
523,1238,49.52,180.7,155.2
543,1238,49.52,467.0,36.6
547,1238,49.52,510.1,648.3
552,1238,49.52,267.8,156.4
292,1239,49.56,338.4,145.0
397,1239,49.56,279.5,53.8
543,1239,49.56,466.5,35.1
547,1239,49.56,511.1,648.7
552,1239,49.56,267.1,156.2
292,1240,49.6,338.0,143.1
397,1240,49.6,273.4,54.9
526,1240,49.6,253.7,202.6
543,1240,49.6,465.7,34.8
292,1241,49.64,337.8,142.2
397,1241,49.64,267.3,59.4
526,1241,49.64,254.2,202.2
543,1241,49.64,465.0,34.9
292,1242,49.68,338.1,141.7
526,1242,49.68,254.3,202.1
533,1242,49.68,253.8,77.8
543,1242,49.68,464.5,34.9
552,1242,49.68,264.7,113.1
556,1242,49.68,283.7,123.7
292,1243,49.72,338.1,142.4
526,1243,49.72,254.9,198.8
533,1243,49.72,242.5,86.5
543,1243,49.72,464.7,35.1
552,1243,49.72,266.1,114.3
556,1243,49.72,284.5,129.6
558,1243,49.72,166.5,122.6
292,1244,49.76,336.6,144.4
526,1244,49.76,254.3,204.7
543,1244,49.76,465.3,35.3
552,1244,49.76,277.2,113.4
556,1244,49.76,289.2,129.9
558,1244,49.76,166.6,122.5
292,1245,49.8,335.7,145.2
526,1245,49.8,253.5,206.8
543,1245,49.8,465.2,35.4
556,1245,49.8,293.0,128.9
558,1245,49.8,166.9,122.7
292,1246,49.84,336.3,145.5
526,1246,49.84,253.5,208.2
533,1246,49.84,224.3,100.0
543,1246,49.84,465.1,35.4
556,1246,49.84,293.7,126.4
558,1246,49.84,167.1,122.6
292,1247,49.88,339.0,145.7
512,1247,49.88,293.0,96.5
526,1247,49.88,253.6,207.5
533,1247,49.88,218.9,103.2
543,1247,49.88,465.8,35.4
556,1247,49.88,294.1,125.1
558,1247,49.88,167.2,122.6
292,1248,49.92,340.8,145.2
512,1248,49.92,294.1,95.6
526,1248,49.92,252.2,209.2
533,1248,49.92,211.2,107.7
543,1248,49.92,466.1,35.6
556,1248,49.92,294.9,124.3
558,1248,49.92,167.7,122.9
565,1248,49.92,240.6,74.3
292,1249,49.96,340.0,144.7
512,1249,49.96,292.9,94.6
526,1249,49.96,252.5,209.2
543,1249,49.96,466.9,35.9
556,1249,49.96,293.6,116.6
565,1249,49.96,242.1,77.2
292,1250,50.0,339.3,144.3
512,1250,50.0,293.7,89.4
526,1250,50.0,252.4,209.5
543,1250,50.0,467.1,35.9
565,1250,50.0,243.0,78.1
292,1251,50.04,341.1,142.5
512,1251,50.04,295.9,77.1
526,1251,50.04,253.2,198.5
543,1251,50.04,466.7,36.0
556,1251,50.04,290.7,131.2
565,1251,50.04,244.8,77.9
292,1252,50.08,343.1,141.3
512,1252,50.08,298.0,71.2
526,1252,50.08,253.7,192.0
543,1252,50.08,466.0,35.9
556,1252,50.08,291.9,136.6
565,1252,50.08,247.3,81.3
570,1252,50.08,469.1,48.3
292,1253,50.12,344.0,140.9
526,1253,50.12,253.1,191.5
543,1253,50.12,465.4,35.8
556,1253,50.12,297.8,124.9
565,1253,50.12,248.3,83.3
570,1253,50.12,469.3,48.3
292,1254,50.16,345.1,141.0
526,1254,50.16,253.6,199.2
543,1254,50.16,464.6,35.7
556,1254,50.16,300.7,121.8
565,1254,50.16,249.3,84.8
570,1254,50.16,469.4,48.3
292,1255,50.2,345.4,141.2
526,1255,50.2,253.4,204.3
543,1255,50.2,464.3,35.7
556,1255,50.2,302.4,120.2
565,1255,50.2,244.6,85.8
570,1255,50.2,469.4,48.3
574,1255,50.2,303.9,86.3
292,1256,50.24,345.2,141.3
526,1256,50.24,252.5,207.6
543,1256,50.24,463.5,35.6
556,1256,50.24,305.6,113.6
565,1256,50.24,248.0,86.4
570,1256,50.24,469.6,48.4
574,1256,50.24,306.5,88.7
292,1257,50.28,345.4,141.0
526,1257,50.28,252.5,208.5
543,1257,50.28,463.5,35.6
556,1257,50.28,307.1,115.6
558,1257,50.28,165.6,122.5
565,1257,50.28,245.0,86.5
570,1257,50.28,468.6,48.6
574,1257,50.28,309.4,91.2
292,1258,50.32,344.9,141.4
526,1258,50.32,252.7,208.6
543,1258,50.32,463.7,35.7
556,1258,50.32,311.1,115.9
558,1258,50.32,165.5,122.8
565,1258,50.32,248.6,86.3
570,1258,50.32,466.6,48.2
574,1258,50.32,313.5,92.1
292,1259,50.36,344.6,141.9
526,1259,50.36,253.1,208.1
543,1259,50.36,463.8,35.7
565,1259,50.36,251.0,87.3
570,1259,50.36,465.9,48.3
574,1259,50.36,319.1,96.0
292,1260,50.4,339.6,144.1
526,1260,50.4,253.1,208.4
543,1260,50.4,463.8,35.7
565,1260,50.4,251.4,87.5
570,1260,50.4,465.5,48.2
574,1260,50.4,316.7,99.5
292,1261,50.44,341.4,144.8
516,1261,50.44,231.8,81.0
526,1261,50.44,252.4,209.2
543,1261,50.44,463.8,36.0
570,1261,50.44,465.5,48.4
574,1261,50.44,313.6,100.0
581,1261,50.44,221.5,575.3
292,1262,50.48,342.1,145.0
516,1262,50.48,231.9,81.0
526,1262,50.48,253.1,208.8
543,1262,50.48,464.0,36.3
570,1262,50.48,466.0,48.7
574,1262,50.48,311.3,98.8
292,1263,50.52,343.3,144.5
516,1263,50.52,231.9,80.9
543,1263,50.52,468.0,36.3
570,1263,50.52,468.6,53.8
574,1263,50.52,309.4,97.3
292,1264,50.56,344.0,143.9
516,1264,50.56,231.9,80.8
526,1264,50.56,257.1,196.3
543,1264,50.56,468.0,36.4
570,1264,50.56,469.9,50.6
574,1264,50.56,308.4,98.7
292,1265,50.6,344.1,143.9
516,1265,50.6,231.9,80.3
526,1265,50.6,258.3,190.7
543,1265,50.6,469.4,36.6
570,1265,50.6,469.8,53.7
574,1265,50.6,308.0,99.7
292,1266,50.64,344.4,143.9
516,1266,50.64,231.8,80.4
526,1266,50.64,258.6,189.2
570,1266,50.64,467.9,51.6
574,1266,50.64,308.0,97.4
585,1266,50.64,189.7,158.9
292,1267,50.68,344.4,143.9
516,1267,50.68,231.2,81.2
526,1267,50.68,259.0,186.6
543,1267,50.68,469.0,36.0
556,1267,50.68,315.1,122.0
574,1267,50.68,312.7,95.8
585,1267,50.68,189.3,160.1
292,1268,50.72,344.6,143.8
516,1268,50.72,230.2,82.4
526,1268,50.72,259.2,186.1
543,1268,50.72,470.1,36.1
556,1268,50.72,317.1,123.5
574,1268,50.72,316.5,99.9
585,1268,50.72,188.4,173.7
292,1269,50.76,344.9,144.1
516,1269,50.76,229.8,82.8
526,1269,50.76,258.8,186.1
556,1269,50.76,309.8,123.1
585,1269,50.76,189.1,163.7
292,1270,50.8,340.6,145.1
516,1270,50.8,229.6,83.1
526,1270,50.8,258.5,186.2
556,1270,50.8,305.1,120.1
585,1270,50.8,188.9,173.2
292,1271,50.84,340.5,145.1
516,1271,50.84,229.7,83.3
526,1271,50.84,258.6,185.9
556,1271,50.84,305.3,115.4
585,1271,50.84,189.5,175.4
292,1272,50.88,344.0,144.9
516,1272,50.88,229.9,83.0
526,1272,50.88,258.5,185.4
543,1272,50.88,469.2,36.3
556,1272,50.88,309.1,122.3
585,1272,50.88,190.1,176.1
292,1273,50.92,345.7,144.6
516,1273,50.92,230.0,82.4
526,1273,50.92,258.5,185.6
543,1273,50.92,469.8,36.1
556,1273,50.92,311.0,124.6
585,1273,50.92,190.5,176.0
591,1273,50.92,305.1,76.9
292,1274,50.96,346.3,144.7
516,1274,50.96,230.1,82.1
526,1274,50.96,258.3,185.3
543,1274,50.96,469.6,36.5
556,1274,50.96,313.9,131.4
585,1274,50.96,190.6,170.4
591,1274,50.96,303.1,77.7
292,1275,51.0,343.8,144.8
516,1275,51.0,230.7,81.1
526,1275,51.0,258.5,185.4
556,1275,51.0,311.6,134.4
585,1275,51.0,190.7,160.7
591,1275,51.0,302.0,78.8
292,1276,51.04,341.8,145.3
526,1276,51.04,258.0,186.0
556,1276,51.04,302.6,126.0
585,1276,51.04,181.6,156.5
593,1276,51.04,249.2,87.0
292,1277,51.08,341.3,145.3
526,1277,51.08,257.9,185.7
556,1277,51.08,299.0,122.7
585,1277,51.08,180.2,154.5
593,1277,51.08,247.9,85.9
292,1278,51.12,342.9,145.4
516,1278,51.12,231.7,80.5
526,1278,51.12,257.0,186.4
543,1278,51.12,469.9,35.8
556,1278,51.12,298.9,118.2
585,1278,51.12,178.2,152.0
591,1278,51.12,300.4,96.5
593,1278,51.12,246.4,81.3
292,1279,51.16,340.9,145.8
516,1279,51.16,231.9,80.6
526,1279,51.16,257.7,187.2
543,1279,51.16,464.0,35.3
558,1279,51.16,170.5,127.0
585,1279,51.16,179.7,152.5
591,1279,51.16,300.3,99.4
593,1279,51.16,246.1,79.9
292,1280,51.2,340.3,145.9
516,1280,51.2,232.0,81.1
526,1280,51.2,258.1,187.4
543,1280,51.2,462.1,35.2
558,1280,51.2,171.2,126.5
591,1280,51.2,300.2,101.1
593,1280,51.2,245.8,79.8
292,1281,51.24,339.5,145.7
516,1281,51.24,231.9,80.1
526,1281,51.24,260.2,183.2
543,1281,51.24,461.4,35.1
556,1281,51.24,299.3,115.2
585,1281,51.24,185.7,152.2
591,1281,51.24,300.2,100.1
593,1281,51.24,246.1,80.2
292,1282,51.28,340.1,145.4
516,1282,51.28,231.8,79.7
526,1282,51.28,260.6,181.9
543,1282,51.28,461.6,32.5
556,1282,51.28,299.9,112.8
585,1282,51.28,186.1,152.9
593,1282,51.28,246.2,80.3
292,1283,51.32,340.2,145.3
516,1283,51.32,231.7,78.6
526,1283,51.32,261.0,181.1
556,1283,51.32,300.2,111.7
585,1283,51.32,186.0,152.1
593,1283,51.32,247.8,86.2
292,1284,51.36,342.8,145.1
516,1284,51.36,231.6,79.0
526,1284,51.36,261.0,181.3
556,1284,51.36,300.3,99.6
585,1284,51.36,187.2,150.9
593,1284,51.36,248.2,87.9
292,1285,51.4,342.6,144.7
516,1285,51.4,231.6,79.0
526,1285,51.4,260.7,181.0
556,1285,51.4,300.3,95.7
585,1285,51.4,186.8,150.5
591,1285,51.4,299.4,115.3
593,1285,51.4,248.0,88.4
292,1286,51.44,340.8,144.8
516,1286,51.44,232.0,79.9
526,1286,51.44,261.3,181.1
556,1286,51.44,300.2,94.2
585,1286,51.44,186.5,150.7
591,1286,51.44,298.7,116.8
593,1286,51.44,247.3,83.6
292,1287,51.48,339.7,144.8
516,1287,51.48,232.2,80.0
526,1287,51.48,261.2,181.6
556,1287,51.48,300.0,98.7
585,1287,51.48,184.8,150.6
591,1287,51.48,297.0,118.3
593,1287,51.48,247.2,81.3
292,1288,51.52,338.7,145.3
526,1288,51.52,260.5,183.2
556,1288,51.52,300.2,86.0
558,1288,51.52,167.3,126.3
585,1288,51.52,180.5,150.8
591,1288,51.52,298.1,114.6
593,1288,51.52,246.6,80.2
292,1289,51.56,338.4,145.2
526,1289,51.56,260.8,184.4
558,1289,51.56,166.8,128.7
585,1289,51.56,184.6,153.5
591,1289,51.56,297.9,114.3
593,1289,51.56,246.7,79.6
601,1289,51.56,684.2,510.4
292,1290,51.6,338.0,144.4
526,1290,51.6,260.2,185.0
585,1290,51.6,180.4,153.7
591,1290,51.6,297.5,111.9
593,1290,51.6,246.9,79.5
601,1290,51.6,684.4,510.5
292,1291,51.64,338.2,144.4
526,1291,51.64,260.1,185.2
585,1291,51.64,178.8,154.6
591,1291,51.64,297.2,112.1
593,1291,51.64,246.9,79.3
601,1291,51.64,684.3,511.5
292,1292,51.68,338.2,144.8
526,1292,51.68,260.3,185.3
585,1292,51.68,177.8,155.3
591,1292,51.68,297.0,111.8
593,1292,51.68,246.8,79.3
601,1292,51.68,684.4,511.4
292,1293,51.72,340.5,145.8
526,1293,51.72,262.5,185.1
585,1293,51.72,178.0,155.2
591,1293,51.72,296.8,111.7
593,1293,51.72,246.8,79.2
601,1293,51.72,684.5,511.0
292,1294,51.76,342.3,146.7
526,1294,51.76,261.1,185.3
585,1294,51.76,176.8,155.6
591,1294,51.76,296.9,110.2
593,1294,51.76,246.8,79.1
601,1294,51.76,684.6,511.0
292,1295,51.8,343.7,147.8
526,1295,51.8,260.5,185.4
558,1295,51.8,169.2,123.1
591,1295,51.8,297.5,121.8
593,1295,51.8,246.7,79.1
601,1295,51.8,684.8,509.9
292,1296,51.84,343.8,148.3
526,1296,51.84,260.3,185.9
558,1296,51.84,169.2,122.2
591,1296,51.84,297.9,126.3
593,1296,51.84,246.7,79.3
601,1296,51.84,684.6,510.9
606,1296,51.84,184.6,192.9
292,1297,51.88,343.1,148.5
526,1297,51.88,260.2,185.5
558,1297,51.88,168.2,121.9
591,1297,51.88,297.7,128.4
593,1297,51.88,246.8,79.1
601,1297,51.88,684.5,511.9
606,1297,51.88,176.1,191.3
292,1298,51.92,342.2,148.8
526,1298,51.92,259.9,185.9
558,1298,51.92,167.6,121.5
591,1298,51.92,297.5,129.2
593,1298,51.92,247.0,79.2
601,1298,51.92,684.1,512.2
606,1298,51.92,175.9,186.6
292,1299,51.96,342.1,149.2
526,1299,51.96,259.7,185.3
585,1299,51.96,174.5,160.7
591,1299,51.96,301.5,129.7
593,1299,51.96,247.2,86.5
601,1299,51.96,683.8,513.1
292,1300,52.0,341.8,149.2
526,1300,52.0,259.8,185.6
585,1300,52.0,173.8,160.1
591,1300,52.0,303.3,129.8
593,1300,52.0,247.6,89.6
601,1300,52.0,683.7,514.3
615,1311,52.44,347.4,151.6
619,1314,52.56,463.5,59.7
619,1315,52.6,463.7,59.0
619,1316,52.64,464.2,59.6
619,1317,52.68,464.7,58.6
619,1318,52.72,464.0,56.7
619,1319,52.76,464.2,61.1
621,1319,52.76,284.1,114.8
619,1320,52.8,463.7,60.2
621,1320,52.8,284.0,114.3
622,1320,52.8,275.8,173.0
615,1321,52.84,348.7,158.0
619,1321,52.84,463.6,63.1
621,1321,52.84,282.8,113.6
622,1321,52.84,268.3,173.9
619,1322,52.88,463.5,64.3
621,1322,52.88,282.1,112.4
622,1322,52.88,259.7,174.6
619,1323,52.92,463.7,64.5
624,1323,52.92,312.4,137.2
619,1324,52.96,463.3,58.2
621,1324,52.96,282.1,112.4
622,1324,52.96,261.2,175.4
624,1324,52.96,312.6,138.7
619,1325,53.0,463.1,56.0
621,1325,53.0,282.4,115.4
622,1325,53.0,260.0,175.1
624,1325,53.0,314.4,139.4
619,1326,53.04,462.8,55.2
621,1326,53.04,282.0,116.8
622,1326,53.04,259.9,174.9
624,1326,53.04,311.3,139.4
615,1327,53.08,345.6,159.1
619,1327,53.08,462.9,54.7
621,1327,53.08,281.4,118.1
622,1327,53.08,258.3,175.3
624,1327,53.08,310.5,138.9
615,1328,53.12,348.3,158.9
619,1328,53.12,462.9,54.5
621,1328,53.12,280.1,118.6
622,1328,53.12,259.9,175.6
619,1329,53.16,463.0,54.3
621,1329,53.16,280.1,117.4
622,1329,53.16,261.8,175.8
619,1330,53.2,463.0,54.3
621,1330,53.2,280.0,115.9
622,1330,53.2,263.0,174.9
619,1331,53.24,463.1,54.3
621,1331,53.24,280.3,115.6
622,1331,53.24,263.9,175.0
619,1332,53.28,462.9,54.4
621,1332,53.28,280.7,115.1
622,1332,53.28,263.6,174.7
619,1333,53.32,462.8,54.5
621,1333,53.32,280.3,114.5
622,1333,53.32,264.1,174.6
619,1334,53.36,462.8,54.7
621,1334,53.36,280.6,114.5
622,1334,53.36,266.2,174.3
619,1335,53.4,462.9,54.8
621,1335,53.4,281.5,118.8
622,1335,53.4,262.7,175.4
619,1336,53.44,463.0,55.3
621,1336,53.44,282.2,119.1
622,1336,53.44,261.6,174.0
619,1337,53.48,463.4,54.3
621,1337,53.48,282.4,114.8
622,1337,53.48,262.1,171.7
624,1337,53.48,305.9,139.2
619,1338,53.52,463.4,54.3
621,1338,53.52,282.2,113.3
624,1338,53.52,303.0,138.4
619,1339,53.56,463.4,54.9
621,1339,53.56,282.2,112.0
619,1340,53.6,463.2,54.7
621,1340,53.6,282.3,112.2
619,1341,53.64,463.4,54.0
621,1341,53.64,282.1,112.3
